# WaveFront *.obj file (generated by Autodesk ATF)

mtllib zedmini_camera.mtl

g Solid1

v -6.500000 -13.250000 -59.250002
v -6.500000 -13.250000 59.250002
v -6.500000 -13.021638 -60.398049
v -6.500000 -13.021638 60.398049
v -6.500000 -12.371321 -61.371322
v -6.500000 -12.371321 61.371322
v -6.500000 -11.398051 -62.021637
v -6.500000 -11.398051 62.021637
v -6.500000 -10.250000 -62.249999
v -6.500000 -10.250000 62.249999
v -6.500000 10.250000 -62.249999
v -6.500000 10.250000 62.249999
v -6.500000 11.398051 -62.021637
v -6.500000 11.398051 62.021637
v -6.500000 12.371321 -61.371322
v -6.500000 12.371321 61.371322
v -6.500000 13.021638 -60.398049
v -6.500000 13.021638 60.398049
v -6.500000 13.250000 -59.250002
v -6.500000 13.250000 59.250002
v -2.500000 -13.250000 -23.000000
v -2.500000 -13.250000 23.000000
v -2.500000 13.250000 -23.000000
v -2.500000 13.250000 23.000000
v -2.315654 -13.250000 -23.942201
v -2.315654 -13.250000 23.942201
v -2.315654 13.250000 -23.942201
v -2.315654 13.250000 23.942201
v -1.789804 -13.250000 -24.745452
v -1.789804 -13.250000 24.745452
v -1.789804 13.250000 -24.745452
v -1.789804 13.250000 24.745452
v -1.500000 -13.250000 -23.000000
v -1.500000 -13.250000 23.000000
v -1.500000 -11.250000 -23.000000
v -1.500000 -11.250000 23.000000
v -1.500000 11.250000 -23.000000
v -1.500000 11.250000 -1.250000
v -1.500000 11.250000 1.250000
v -1.500000 11.250000 23.000000
v -1.500000 13.250000 -23.000000
v -1.500000 13.250000 -1.250000
v -1.500000 13.250000 1.250000
v -1.500000 13.250000 23.000000
v -1.466506 11.250000 -1.125000
v -1.466506 11.250000 1.125000
v -1.466506 13.250000 -1.125000
v -1.466506 13.250000 1.125000
v -1.375000 11.250000 -1.033494
v -1.375000 11.250000 1.033494
v -1.375000 13.250000 -1.033494
v -1.375000 13.250000 1.033494
v -1.299038 -13.250000 -23.750000
v -1.299038 -13.250000 23.750000
v -1.299038 -11.250000 -23.750000
v -1.299038 -11.250000 23.750000
v -1.299038 11.250000 -23.750000
v -1.299038 11.250000 23.750000
v -1.299038 13.250000 -23.750000
v -1.299038 13.250000 23.750000
v -1.250000 11.250000 -1.000000
v -1.250000 11.250000 1.000000
v -1.250000 13.250000 -1.000000
v -1.250000 13.250000 1.000000
v -1.000000 -13.250000 -59.250002
v -1.000000 -13.250000 -25.291288
v -1.000000 -13.250000 25.291288
v -1.000000 -13.250000 59.250002
v -1.000000 -13.021638 -60.398049
v -1.000000 -13.021638 60.398049
v -1.000000 -12.371321 -61.371322
v -1.000000 -12.371321 61.371322
v -1.000000 -11.398051 -62.021637
v -1.000000 -11.398051 62.021637
v -1.000000 -10.250000 -62.249999
v -1.000000 -10.250000 62.249999
v -1.000000 10.250000 -62.249999
v -1.000000 10.250000 62.249999
v -1.000000 11.398051 -62.021637
v -1.000000 11.398051 62.021637
v -1.000000 12.371321 -61.371322
v -1.000000 12.371321 61.371322
v -1.000000 13.021638 -60.398049
v -1.000000 13.021638 60.398049
v -1.000000 13.250000 -59.250002
v -1.000000 13.250000 -25.291288
v -1.000000 13.250000 25.291288
v -1.000000 13.250000 59.250002
v -0.750000 -13.250000 -24.299037
v -0.750000 -13.250000 24.299037
v -0.750000 -11.250000 -24.299037
v -0.750000 -11.250000 24.299037
v -0.750000 11.250000 -24.299037
v -0.750000 11.250000 24.299037
v -0.750000 13.250000 -24.299037
v -0.750000 13.250000 24.299037
v -0.704769 -11.250000 -23.256514
v -0.704769 -11.250000 -22.743485
v -0.704769 -11.250000 22.743485
v -0.704769 -11.250000 23.256514
v -0.704769 -10.250000 -23.256514
v -0.704769 -10.250000 -22.743485
v -0.704769 -10.250000 22.743485
v -0.704769 -10.250000 23.256514
v -0.704769 10.250000 -23.256514
v -0.704769 10.250000 -22.743485
v -0.704769 10.250000 22.743485
v -0.704769 10.250000 23.256514
v -0.704769 11.250000 -23.256514
v -0.704769 11.250000 -22.743485
v -0.704769 11.250000 22.743485
v -0.704769 11.250000 23.256514
v -0.375000 -11.250000 -23.649518
v -0.375000 -11.250000 -22.350481
v -0.375000 -11.250000 22.350481
v -0.375000 -11.250000 23.649518
v -0.375000 -10.250000 -23.649518
v -0.375000 -10.250000 -22.350481
v -0.375000 -10.250000 22.350481
v -0.375000 -10.250000 23.649518
v -0.375000 10.250000 -23.649518
v -0.375000 10.250000 -22.350481
v -0.375000 10.250000 22.350481
v -0.375000 10.250000 23.649518
v -0.375000 11.250000 -23.649518
v -0.375000 11.250000 -22.350481
v -0.375000 11.250000 22.350481
v -0.375000 11.250000 23.649518
v 0.000000 -13.250000 -24.500000
v 0.000000 -13.250000 24.500000
v 0.000000 -11.250000 -24.500000
v 0.000000 -11.250000 24.500000
v 0.000000 11.250000 -24.500000
v 0.000000 11.250000 24.500000
v 0.000000 13.250000 -24.500000
v 0.000000 13.250000 24.500000
v 0.130236 -11.250000 -23.738606
v 0.130236 -11.250000 -22.261393
v 0.130236 -11.250000 22.261393
v 0.130236 -11.250000 23.738606
v 0.130236 -10.250000 -23.738606
v 0.130236 -10.250000 -22.261393
v 0.130236 -10.250000 22.261393
v 0.130236 -10.250000 23.738606
v 0.130236 10.250000 -23.738606
v 0.130236 10.250000 -22.261393
v 0.130236 10.250000 22.261393
v 0.130236 10.250000 23.738606
v 0.130236 11.250000 -23.738606
v 0.130236 11.250000 -22.261393
v 0.130236 11.250000 22.261393
v 0.130236 11.250000 23.738606
v 0.574533 -11.250000 -23.482091
v 0.574533 -11.250000 -22.517910
v 0.574533 -11.250000 22.517910
v 0.574533 -11.250000 23.482091
v 0.574533 -10.250000 -23.482091
v 0.574533 -10.250000 -22.517910
v 0.574533 -10.250000 22.517910
v 0.574533 -10.250000 23.482091
v 0.574533 10.250000 -23.482091
v 0.574533 10.250000 -22.517910
v 0.574533 10.250000 22.517910
v 0.574533 10.250000 23.482091
v 0.574533 11.250000 -23.482091
v 0.574533 11.250000 -22.517910
v 0.574533 11.250000 22.517910
v 0.574533 11.250000 23.482091
v 0.750000 -13.250000 -24.299037
v 0.750000 -13.250000 24.299037
v 0.750000 -11.250000 -24.299037
v 0.750000 -11.250000 -23.000000
v 0.750000 -11.250000 23.000000
v 0.750000 -11.250000 24.299037
v 0.750000 -10.250000 -23.000000
v 0.750000 -10.250000 23.000000
v 0.750000 10.250000 -23.000000
v 0.750000 10.250000 23.000000
v 0.750000 11.250000 -24.299037
v 0.750000 11.250000 -23.000000
v 0.750000 11.250000 23.000000
v 0.750000 11.250000 24.299037
v 0.750000 13.250000 -24.299037
v 0.750000 13.250000 24.299037
v 1.000000 -13.250000 -59.250002
v 1.000000 -13.250000 -25.291288
v 1.000000 -13.250000 25.291288
v 1.000000 -13.250000 59.250002
v 1.000000 -13.021638 -60.398049
v 1.000000 -13.021638 60.398049
v 1.000000 -12.371321 -61.371322
v 1.000000 -12.371321 61.371322
v 1.000000 -11.398051 -62.021637
v 1.000000 -11.398051 62.021637
v 1.000000 -10.250000 -62.249999
v 1.000000 -10.250000 62.249999
v 1.000000 10.250000 -62.249999
v 1.000000 10.250000 62.249999
v 1.000000 11.398051 -62.021637
v 1.000000 11.398051 62.021637
v 1.000000 12.371321 -61.371322
v 1.000000 12.371321 61.371322
v 1.000000 13.021638 -60.398049
v 1.000000 13.021638 60.398049
v 1.000000 13.250000 -59.250002
v 1.000000 13.250000 -25.291288
v 1.000000 13.250000 25.291288
v 1.000000 13.250000 59.250002
v 1.250000 11.250000 -1.000000
v 1.250000 11.250000 1.000000
v 1.250000 13.250000 -1.000000
v 1.250000 13.250000 1.000000
v 1.299038 -13.250000 -23.750000
v 1.299038 -13.250000 23.750000
v 1.299038 -11.250000 -23.750000
v 1.299038 -11.250000 23.750000
v 1.299038 11.250000 -23.750000
v 1.299038 11.250000 23.750000
v 1.299038 13.250000 -23.750000
v 1.299038 13.250000 23.750000
v 1.375000 11.250000 -1.033494
v 1.375000 11.250000 1.033494
v 1.375000 13.250000 -1.033494
v 1.375000 13.250000 1.033494
v 1.466506 11.250000 -1.125000
v 1.466506 11.250000 1.125000
v 1.466506 13.250000 -1.125000
v 1.466506 13.250000 1.125000
v 1.500000 -13.250000 -23.000000
v 1.500000 -13.250000 23.000000
v 1.500000 -11.250000 -23.000000
v 1.500000 -11.250000 23.000000
v 1.500000 11.250000 -23.000000
v 1.500000 11.250000 -1.250000
v 1.500000 11.250000 1.250000
v 1.500000 11.250000 23.000000
v 1.500000 13.250000 -23.000000
v 1.500000 13.250000 -1.250000
v 1.500000 13.250000 1.250000
v 1.500000 13.250000 23.000000
v 1.789804 -13.250000 -24.745452
v 1.789804 -13.250000 24.745452
v 1.789804 13.250000 -24.745452
v 1.789804 13.250000 24.745452
v 2.315654 -13.250000 -23.942201
v 2.315654 -13.250000 23.942201
v 2.315654 13.250000 -23.942201
v 2.315654 13.250000 23.942201
v 2.500000 -13.250000 -23.000000
v 2.500000 -13.250000 23.000000
v 2.500000 13.250000 -23.000000
v 2.500000 13.250000 23.000000
v 6.500000 -13.250000 -59.250002
v 6.500000 -13.250000 59.250002
v 6.500000 -13.021638 -60.398049
v 6.500000 -13.021638 60.398049
v 6.500000 -12.371321 -61.371322
v 6.500000 -12.371321 61.371322
v 6.500000 -11.398051 -62.021637
v 6.500000 -11.398051 62.021637
v 6.500000 -10.250000 -62.249999
v 6.500000 -10.250000 62.249999
v 6.500000 10.250000 -62.249999
v 6.500000 10.250000 62.249999
v 6.500000 11.398051 -62.021637
v 6.500000 11.398051 62.021637
v 6.500000 12.371321 -61.371322
v 6.500000 12.371321 61.371322
v 6.500000 13.021638 -60.398049
v 6.500000 13.021638 60.398049
v 6.500000 13.250000 -59.250002
v 6.500000 13.250000 59.250002
v 8.250000 -11.250000 -59.250002
v 8.250000 -11.250000 59.250002
v 8.250000 -11.150000 -59.250002
v 8.250000 -11.150000 59.250002
v 8.250000 -11.116025 -59.749999
v 8.250000 -11.116025 59.749999
v 8.250000 -11.029422 -59.699998
v 8.250000 -11.029422 59.699998
v 8.250000 -10.750000 -60.116024
v 8.250000 -10.750000 60.116024
v 8.250000 -10.700001 -60.029421
v 8.250000 -10.700001 60.029421
v 8.250000 -10.250000 -60.250001
v 8.250000 -10.250000 -60.149999
v 8.250000 -10.250000 60.149999
v 8.250000 -10.250000 60.250001
v 8.250000 10.250000 -60.250001
v 8.250000 10.250000 -60.149999
v 8.250000 10.250000 60.149999
v 8.250000 10.250000 60.250001
v 8.250000 10.700001 -60.029421
v 8.250000 10.700001 60.029421
v 8.250000 10.750000 -60.116024
v 8.250000 10.750000 60.116024
v 8.250000 11.029422 -59.699998
v 8.250000 11.029422 59.699998
v 8.250000 11.116025 -59.749999
v 8.250000 11.116025 59.749999
v 8.250000 11.150000 -59.250002
v 8.250000 11.150000 59.250002
v 8.250000 11.250000 -59.250002
v 8.250000 11.250000 59.250002
v 8.500000 -11.250000 -59.250002
v 8.500000 -11.250000 59.250002
v 8.500000 -11.150000 -59.250002
v 8.500000 -11.150000 59.250002
v 8.500000 -11.116025 -59.749999
v 8.500000 -11.116025 59.749999
v 8.500000 -11.029422 -59.699998
v 8.500000 -11.029422 59.699998
v 8.500000 -10.750000 -60.116024
v 8.500000 -10.750000 60.116024
v 8.500000 -10.700001 -60.029421
v 8.500000 -10.700001 60.029421
v 8.500000 -10.250000 -60.250001
v 8.500000 -10.250000 -60.149999
v 8.500000 -10.250000 60.149999
v 8.500000 -10.250000 60.250001
v 8.500000 -10.000000 -23.750000
v 8.500000 -10.000000 39.250000
v 8.500000 -9.749279 -25.975208
v 8.500000 -9.749279 -21.524792
v 8.500000 -9.749279 37.024791
v 8.500000 -9.749279 41.475210
v 8.500000 -9.009688 -28.088837
v 8.500000 -9.009688 -19.411162
v 8.500000 -9.009688 34.911163
v 8.500000 -9.009688 43.588839
v 8.500000 -7.818315 -29.984899
v 8.500000 -7.818315 -17.515101
v 8.500000 -7.818315 33.015101
v 8.500000 -7.818315 45.484896
v 8.500000 -6.234898 -31.568315
v 8.500000 -6.234898 -15.931685
v 8.500000 -6.234898 31.431684
v 8.500000 -6.234898 47.068315
v 8.500000 -4.338837 -32.759688
v 8.500000 -4.338837 -14.740311
v 8.500000 -4.338837 30.240312
v 8.500000 -4.338837 48.259687
v 8.500000 -2.225209 -33.499279
v 8.500000 -2.225209 -14.000721
v 8.500000 -2.225209 29.500721
v 8.500000 -2.225209 48.999281
v 8.500000 0.000000 -33.750000
v 8.500000 0.000000 -13.750000
v 8.500000 0.000000 29.250000
v 8.500000 0.000000 49.250002
v 8.500000 2.225209 -33.499279
v 8.500000 2.225209 -14.000721
v 8.500000 2.225209 29.500721
v 8.500000 2.225209 48.999281
v 8.500000 4.338837 -32.759688
v 8.500000 4.338837 -14.740311
v 8.500000 4.338837 30.240312
v 8.500000 4.338837 48.259687
v 8.500000 6.234898 -31.568315
v 8.500000 6.234898 -15.931685
v 8.500000 6.234898 31.431684
v 8.500000 6.234898 47.068315
v 8.500000 7.818315 -29.984899
v 8.500000 7.818315 -17.515101
v 8.500000 7.818315 33.015101
v 8.500000 7.818315 45.484896
v 8.500000 9.009688 -28.088837
v 8.500000 9.009688 -19.411162
v 8.500000 9.009688 34.911163
v 8.500000 9.009688 43.588839
v 8.500000 9.749279 -25.975208
v 8.500000 9.749279 -21.524792
v 8.500000 9.749279 37.024791
v 8.500000 9.749279 41.475210
v 8.500000 10.000000 -23.750000
v 8.500000 10.000000 39.250000
v 8.500000 10.250000 -60.250001
v 8.500000 10.250000 -60.149999
v 8.500000 10.250000 60.149999
v 8.500000 10.250000 60.250001
v 8.500000 10.700001 -60.029421
v 8.500000 10.700001 60.029421
v 8.500000 10.750000 -60.116024
v 8.500000 10.750000 60.116024
v 8.500000 11.029422 -59.699998
v 8.500000 11.029422 59.699998
v 8.500000 11.116025 -59.749999
v 8.500000 11.116025 59.749999
v 8.500000 11.150000 -59.250002
v 8.500000 11.150000 59.250002
v 8.500000 11.250000 -59.250002
v 8.500000 11.250000 59.250002
v 18.000000 -10.000000 -23.750000
v 18.000000 -10.000000 39.250000
v 18.000000 -9.749279 -25.975208
v 18.000000 -9.749279 -21.524792
v 18.000000 -9.749279 37.024791
v 18.000000 -9.749279 41.475210
v 18.000000 -9.009688 -28.088837
v 18.000000 -9.009688 -19.411162
v 18.000000 -9.009688 34.911163
v 18.000000 -9.009688 43.588839
v 18.000000 -7.818315 -29.984899
v 18.000000 -7.818315 -17.515101
v 18.000000 -7.818315 33.015101
v 18.000000 -7.818315 45.484896
v 18.000000 -6.234898 -31.568315
v 18.000000 -6.234898 -15.931685
v 18.000000 -6.234898 31.431684
v 18.000000 -6.234898 47.068315
v 18.000000 -4.338837 -32.759688
v 18.000000 -4.338837 -14.740311
v 18.000000 -4.338837 30.240312
v 18.000000 -4.338837 48.259687
v 18.000000 -2.225209 -33.499279
v 18.000000 -2.225209 -14.000721
v 18.000000 -2.225209 29.500721
v 18.000000 -2.225209 48.999281
v 18.000000 0.000000 -33.750000
v 18.000000 0.000000 -13.750000
v 18.000000 0.000000 29.250000
v 18.000000 0.000000 49.250002
v 18.000000 2.225209 -33.499279
v 18.000000 2.225209 -14.000721
v 18.000000 2.225209 29.500721
v 18.000000 2.225209 48.999281
v 18.000000 4.338837 -32.759688
v 18.000000 4.338837 -14.740311
v 18.000000 4.338837 30.240312
v 18.000000 4.338837 48.259687
v 18.000000 6.234898 -31.568315
v 18.000000 6.234898 -15.931685
v 18.000000 6.234898 31.431684
v 18.000000 6.234898 47.068315
v 18.000000 7.818315 -29.984899
v 18.000000 7.818315 -17.515101
v 18.000000 7.818315 33.015101
v 18.000000 7.818315 45.484896
v 18.000000 9.009688 -28.088837
v 18.000000 9.009688 -19.411162
v 18.000000 9.009688 34.911163
v 18.000000 9.009688 43.588839
v 18.000000 9.749279 -25.975208
v 18.000000 9.749279 -21.524792
v 18.000000 9.749279 37.024791
v 18.000000 9.749279 41.475210
v 18.000000 10.000000 -23.750000
v 18.000000 10.000000 39.250000
v 19.000000 -10.000000 -23.750000
v 19.000000 -10.000000 39.250000
v 19.000000 -9.749279 -25.975208
v 19.000000 -9.749279 -21.524792
v 19.000000 -9.749279 37.024791
v 19.000000 -9.749279 41.475210
v 19.000000 -9.009688 -28.088837
v 19.000000 -9.009688 -19.411162
v 19.000000 -9.009688 34.911163
v 19.000000 -9.009688 43.588839
v 19.000000 -7.818315 -29.984899
v 19.000000 -7.818315 -17.515101
v 19.000000 -7.818315 33.015101
v 19.000000 -7.818315 45.484896
v 19.000000 -6.234898 -31.568315
v 19.000000 -6.234898 -15.931685
v 19.000000 -6.234898 31.431684
v 19.000000 -6.234898 47.068315
v 19.000000 -4.338837 -32.759688
v 19.000000 -4.338837 -14.740311
v 19.000000 -4.338837 30.240312
v 19.000000 -4.338837 48.259687
v 19.000000 -2.225209 -33.499279
v 19.000000 -2.225209 -14.000721
v 19.000000 -2.225209 29.500721
v 19.000000 -2.225209 48.999281
v 19.000000 0.000000 -33.750000
v 19.000000 0.000000 -13.750000
v 19.000000 0.000000 29.250000
v 19.000000 0.000000 49.250002
v 19.000000 2.225209 -33.499279
v 19.000000 2.225209 -14.000721
v 19.000000 2.225209 29.500721
v 19.000000 2.225209 48.999281
v 19.000000 4.338837 -32.759688
v 19.000000 4.338837 -14.740311
v 19.000000 4.338837 30.240312
v 19.000000 4.338837 48.259687
v 19.000000 6.234898 -31.568315
v 19.000000 6.234898 -15.931685
v 19.000000 6.234898 31.431684
v 19.000000 6.234898 47.068315
v 19.000000 7.818315 -29.984899
v 19.000000 7.818315 -17.515101
v 19.000000 7.818315 33.015101
v 19.000000 7.818315 45.484896
v 19.000000 9.009688 -28.088837
v 19.000000 9.009688 -19.411162
v 19.000000 9.009688 34.911163
v 19.000000 9.009688 43.588839
v 19.000000 9.749279 -25.975208
v 19.000000 9.749279 -21.524792
v 19.000000 9.749279 37.024791
v 19.000000 9.749279 41.475210
v 19.000000 10.000000 -23.750000
v 19.000000 10.000000 39.250000
v 20.999999 -5.484621 -23.338985
v 20.999999 -5.484621 38.838985
v 20.999999 -5.362104 -24.973865
v 20.999999 -5.362104 40.473866
v 20.999999 -5.119805 -21.740625
v 20.999999 -5.119805 37.240624
v 20.999999 -4.763140 -26.500001
v 20.999999 -4.763140 41.999998
v 20.999999 -4.300073 -20.320807
v 20.999999 -4.300073 35.820806
v 20.999999 -3.740950 -27.781785
v 20.999999 -3.740950 43.281784
v 20.999999 -3.098260 -19.205687
v 20.999999 -3.098260 34.705687
v 20.999999 -2.386361 -28.705330
v 20.999999 -2.386361 44.205327
v 20.999999 -1.621154 -18.494350
v 20.999999 -1.621154 33.994350
v 20.999999 -0.819732 -29.188569
v 20.999999 -0.819732 44.688568
v 20.999999 0.000000 -18.250000
v 20.999999 0.000000 33.750000
v 20.999999 0.819732 -29.188569
v 20.999999 0.819732 44.688568
v 20.999999 1.621154 -18.494350
v 20.999999 1.621154 33.994350
v 20.999999 2.386361 -28.705330
v 20.999999 2.386361 44.205327
v 20.999999 3.098260 -19.205687
v 20.999999 3.098260 34.705687
v 20.999999 3.740950 -27.781785
v 20.999999 3.740950 43.281784
v 20.999999 4.300073 -20.320807
v 20.999999 4.300073 35.820806
v 20.999999 4.763140 -26.500001
v 20.999999 4.763140 41.999998
v 20.999999 5.119805 -21.740625
v 20.999999 5.119805 37.240624
v 20.999999 5.362104 -24.973865
v 20.999999 5.362104 40.473866
v 20.999999 5.484621 -23.338985
v 20.999999 5.484621 38.838985
v 21.500001 -6.484847 -24.193575
v 21.500001 -6.484847 39.693575
v 21.500001 -6.364046 -22.427535
v 21.500001 -6.364046 37.927537
v 21.500001 -6.124696 -25.926716
v 21.500001 -6.124696 41.426716
v 21.500001 -5.771254 -20.759578
v 21.500001 -5.771254 36.259577
v 21.500001 -5.484621 -23.338985
v 21.500001 -5.484621 38.838985
v 21.500001 -5.362104 -24.973865
v 21.500001 -5.362104 40.473866
v 21.500001 -5.310304 -27.498422
v 21.500001 -5.310304 42.998424
v 21.500001 -5.119805 -21.740625
v 21.500001 -5.119805 37.240624
v 21.500001 -4.763140 -26.500001
v 21.500001 -4.763140 41.999998
v 21.500001 -4.750434 -19.313405
v 21.500001 -4.750434 34.813404
v 21.500001 -4.300073 -20.320807
v 21.500001 -4.300073 35.820806
v 21.500001 -4.102072 -28.792124
v 21.500001 -4.102072 44.292126
v 21.500001 -3.740950 -27.781785
v 21.500001 -3.740950 43.281784
v 21.500001 -3.377296 -18.196274
v 21.500001 -3.377296 33.696275
v 21.500001 -3.098260 -19.205687
v 21.500001 -3.098260 34.705687
v 21.500001 -2.589607 -29.711874
v 21.500001 -2.589607 45.211873
v 21.500001 -2.386361 -28.705330
v 21.500001 -2.386361 44.205327
v 21.500001 -1.753679 -17.491038
v 21.500001 -1.753679 32.991037
v 21.500001 -1.621154 -18.494350
v 21.500001 -1.621154 33.994350
v 21.500001 -0.885083 -30.189459
v 21.500001 -0.885083 45.689459
v 21.500001 -0.819732 -29.188569
v 21.500001 -0.819732 44.688568
v 21.500001 0.000000 -18.250000
v 21.500001 0.000000 -17.250000
v 21.500001 0.000000 32.750001
v 21.500001 0.000000 33.750000
v 21.500001 0.819732 -29.188569
v 21.500001 0.819732 44.688568
v 21.500001 0.885083 -30.189459
v 21.500001 0.885083 45.689459
v 21.500001 1.621154 -18.494350
v 21.500001 1.621154 33.994350
v 21.500001 1.753679 -17.491038
v 21.500001 1.753679 32.991037
v 21.500001 2.386361 -28.705330
v 21.500001 2.386361 44.205327
v 21.500001 2.589607 -29.711874
v 21.500001 2.589607 45.211873
v 21.500001 3.098260 -19.205687
v 21.500001 3.098260 34.705687
v 21.500001 3.377296 -18.196274
v 21.500001 3.377296 33.696275
v 21.500001 3.740950 -27.781785
v 21.500001 3.740950 43.281784
v 21.500001 4.102072 -28.792124
v 21.500001 4.102072 44.292126
v 21.500001 4.300073 -20.320807
v 21.500001 4.300073 35.820806
v 21.500001 4.750434 -19.313405
v 21.500001 4.750434 34.813404
v 21.500001 4.763140 -26.500001
v 21.500001 4.763140 41.999998
v 21.500001 5.119805 -21.740625
v 21.500001 5.119805 37.240624
v 21.500001 5.310304 -27.498422
v 21.500001 5.310304 42.998424
v 21.500001 5.362104 -24.973865
v 21.500001 5.362104 40.473866
v 21.500001 5.484621 -23.338985
v 21.500001 5.484621 38.838985
v 21.500001 5.771254 -20.759578
v 21.500001 5.771254 36.259577
v 21.500001 6.124696 -25.926716
v 21.500001 6.124696 41.426716
v 21.500001 6.364046 -22.427535
v 21.500001 6.364046 37.927537
v 21.500001 6.484847 -24.193575
v 21.500001 6.484847 39.693575
v 22.000000 -6.484847 -23.306425
v 22.000000 -6.484847 38.806424
v 22.000000 -6.364046 -25.072465
v 22.000000 -6.364046 40.572462
v 22.000000 -6.124696 -21.573284
v 22.000000 -6.124696 37.073283
v 22.000000 -5.771254 -26.740422
v 22.000000 -5.771254 42.240424
v 22.000000 -5.310304 -20.001578
v 22.000000 -5.310304 35.501578
v 22.000000 -4.750434 -28.186595
v 22.000000 -4.750434 43.686595
v 22.000000 -4.102072 -18.707876
v 22.000000 -4.102072 34.207876
v 22.000000 -3.377296 -29.303727
v 22.000000 -3.377296 44.803724
v 22.000000 -2.589607 -17.788126
v 22.000000 -2.589607 33.288126
v 22.000000 -1.753679 -30.008962
v 22.000000 -1.753679 45.508962
v 22.000000 -0.885083 -17.310542
v 22.000000 -0.885083 32.810540
v 22.000000 0.000000 -30.250001
v 22.000000 0.000000 45.749998
v 22.000000 0.885083 -17.310542
v 22.000000 0.885083 32.810540
v 22.000000 1.753679 -30.008962
v 22.000000 1.753679 45.508962
v 22.000000 2.589607 -17.788126
v 22.000000 2.589607 33.288126
v 22.000000 3.377296 -29.303727
v 22.000000 3.377296 44.803724
v 22.000000 4.102072 -18.707876
v 22.000000 4.102072 34.207876
v 22.000000 4.750434 -28.186595
v 22.000000 4.750434 43.686595
v 22.000000 5.310304 -20.001578
v 22.000000 5.310304 35.501578
v 22.000000 5.771254 -26.740422
v 22.000000 5.771254 42.240424
v 22.000000 6.124696 -21.573284
v 22.000000 6.124696 37.073283
v 22.000000 6.364046 -25.072465
v 22.000000 6.364046 40.572462
v 22.000000 6.484847 -23.306425
v 22.000000 6.484847 38.806424
v 24.000001 -10.000000 -23.750000
v 24.000001 -10.000000 39.250000
v 24.000001 -9.749279 -25.975208
v 24.000001 -9.750000 -23.750000
v 24.000001 -9.749279 -21.524792
v 24.000001 -9.749279 37.024791
v 24.000001 -9.750000 39.250000
v 24.000001 -9.749279 41.475210
v 24.000001 -9.505547 -25.919578
v 24.000001 -9.505547 -21.580422
v 24.000001 -9.505547 37.080421
v 24.000001 -9.505547 41.419578
v 24.000001 -9.009688 -28.088837
v 24.000001 -9.009688 -19.411162
v 24.000001 -9.009688 34.911163
v 24.000001 -9.009688 43.588839
v 24.000001 -8.784447 -27.980366
v 24.000001 -8.784447 -19.519633
v 24.000001 -8.784447 35.019634
v 24.000001 -8.784447 43.480368
v 24.000001 -7.818315 -29.984899
v 24.000001 -7.818315 -17.515101
v 24.000001 -7.818315 33.015101
v 24.000001 -7.818315 45.484896
v 24.000001 -7.622857 -29.829025
v 24.000001 -7.622857 -17.670975
v 24.000001 -7.622857 33.170974
v 24.000001 -7.622857 45.329027
v 24.000001 -6.234898 -31.568315
v 24.000001 -6.234898 -15.931685
v 24.000001 -6.234898 31.431684
v 24.000001 -6.234898 47.068315
v 24.000001 -6.079026 -31.372857
v 24.000001 -6.079026 -16.127143
v 24.000001 -6.079026 31.627142
v 24.000001 -6.079026 46.872859
v 24.000001 -4.338837 -32.759688
v 24.000001 -4.338837 -14.740311
v 24.000001 -4.338837 30.240312
v 24.000001 -4.338837 48.259687
v 24.000001 -4.230366 -32.534447
v 24.000001 -4.230366 -14.965553
v 24.000001 -4.230366 30.465553
v 24.000001 -4.230366 48.034449
v 24.000001 -2.225209 -33.499279
v 24.000001 -2.225209 -14.000721
v 24.000001 -2.225209 29.500721
v 24.000001 -2.225209 48.999281
v 24.000001 -2.169579 -33.255546
v 24.000001 -2.169579 -14.244453
v 24.000001 -2.169579 29.744453
v 24.000001 -2.169579 48.755546
v 24.000001 0.000000 -33.750000
v 24.000001 0.000000 -33.499999
v 24.000001 0.000000 -14.000000
v 24.000001 0.000000 -13.750000
v 24.000001 0.000000 29.250000
v 24.000001 0.000000 29.500000
v 24.000001 0.000000 49.000001
v 24.000001 0.000000 49.250002
v 24.000001 2.169579 -33.255546
v 24.000001 2.169579 -14.244453
v 24.000001 2.169579 29.744453
v 24.000001 2.169579 48.755546
v 24.000001 2.225209 -33.499279
v 24.000001 2.225209 -14.000721
v 24.000001 2.225209 29.500721
v 24.000001 2.225209 48.999281
v 24.000001 4.230366 -32.534447
v 24.000001 4.230366 -14.965553
v 24.000001 4.230366 30.465553
v 24.000001 4.230366 48.034449
v 24.000001 4.338837 -32.759688
v 24.000001 4.338837 -14.740311
v 24.000001 4.338837 30.240312
v 24.000001 4.338837 48.259687
v 24.000001 6.079026 -31.372857
v 24.000001 6.079026 -16.127143
v 24.000001 6.079026 31.627142
v 24.000001 6.079026 46.872859
v 24.000001 6.234898 -31.568315
v 24.000001 6.234898 -15.931685
v 24.000001 6.234898 31.431684
v 24.000001 6.234898 47.068315
v 24.000001 7.622857 -29.829025
v 24.000001 7.622857 -17.670975
v 24.000001 7.622857 33.170974
v 24.000001 7.622857 45.329027
v 24.000001 7.818315 -29.984899
v 24.000001 7.818315 -17.515101
v 24.000001 7.818315 33.015101
v 24.000001 7.818315 45.484896
v 24.000001 8.784447 -27.980366
v 24.000001 8.784447 -19.519633
v 24.000001 8.784447 35.019634
v 24.000001 8.784447 43.480368
v 24.000001 9.009688 -28.088837
v 24.000001 9.009688 -19.411162
v 24.000001 9.009688 34.911163
v 24.000001 9.009688 43.588839
v 24.000001 9.505547 -25.919578
v 24.000001 9.505547 -21.580422
v 24.000001 9.505547 37.080421
v 24.000001 9.505547 41.419578
v 24.000001 9.749279 -25.975208
v 24.000001 9.750000 -23.750000
v 24.000001 9.749279 -21.524792
v 24.000001 9.749279 37.024791
v 24.000001 9.750000 39.250000
v 24.000001 9.749279 41.475210
v 24.000001 10.000000 -23.750000
v 24.000001 10.000000 39.250000
vt -1.072540 0.075000 0.000000
vt -1.024331 0.057453 0.000000
vt -0.998680 0.013024 0.000000
vt -1.007589 -0.037500 0.000000
vt -1.046889 -0.070477 0.000000
vt -1.098192 -0.070477 0.000000
vt -1.137492 -0.037500 0.000000
vt -1.146401 0.013024 0.000000
vt -1.120749 0.057453 0.000000
vt 1.127460 -0.125000 0.000000
vt 1.127460 0.125000 0.000000
vt 1.124110 0.137500 0.000000
vt 1.114960 0.146651 0.000000
vt 1.102460 0.150000 0.000000
vt -1.072540 0.150000 0.000000
vt -1.147540 0.129904 0.000000
vt -1.202444 0.075000 0.000000
vt -1.222540 0.000000 0.000000
vt -1.202444 -0.075000 0.000000
vt -1.147540 -0.129904 0.000000
vt -1.072540 -0.150000 0.000000
vt 1.102460 -0.150000 0.000000
vt 1.114960 -0.146651 0.000000
vt 1.124110 -0.137500 0.000000
vt 0.000000 0.000000 0.000000
vt 0.250000 0.000000 0.000000
vt 0.250000 0.200000 0.000000
vt 0.000000 0.200000 0.000000
vt -0.000000 -0.039270 0.000000
vt -0.000000 -0.026180 0.000000
vt -0.000000 -0.013090 0.000000
vt -0.000000 0.000000 0.000000
vt -0.200000 0.000000 0.000000
vt -0.200000 -0.013090 0.000000
vt -0.200000 -0.026180 0.000000
vt -0.200000 -0.039270 0.000000
vt 0.000000 0.000000 0.000000
vt 2.175000 0.000000 0.000000
vt 2.175000 0.200000 0.000000
vt 0.000000 0.200000 0.000000
vt -0.000000 -0.471239 0.000000
vt -0.000000 -0.392699 0.000000
vt -0.000000 -0.314159 0.000000
vt -0.000000 -0.235619 0.000000
vt -0.000000 -0.157080 0.000000
vt -0.000000 -0.078540 0.000000
vt -0.000000 0.000000 0.000000
vt -0.200000 0.000000 0.000000
vt -0.200000 -0.078540 0.000000
vt -0.200000 -0.157080 0.000000
vt -0.200000 -0.235619 0.000000
vt -0.200000 -0.314159 0.000000
vt -0.200000 -0.392699 0.000000
vt -0.200000 -0.471239 0.000000
vt 0.000000 0.000000 0.000000
vt 2.175000 0.000000 0.000000
vt 2.175000 0.200000 0.000000
vt 0.000000 0.200000 0.000000
vt -0.000000 -0.039270 0.000000
vt -0.000000 -0.026180 0.000000
vt -0.000000 -0.013090 0.000000
vt -0.000000 0.000000 0.000000
vt -0.200000 0.000000 0.000000
vt -0.200000 -0.013090 0.000000
vt -0.200000 -0.026180 0.000000
vt -0.200000 -0.039270 0.000000
vt -0.000000 0.075000 0.000000
vt -0.048209 0.057453 0.000000
vt -0.073861 0.013024 0.000000
vt -0.064952 -0.037500 0.000000
vt -0.025652 -0.070477 0.000000
vt 0.025652 -0.070477 0.000000
vt 0.064952 -0.037500 0.000000
vt 0.073861 0.013024 0.000000
vt 0.048209 0.057453 0.000000
vt -0.100000 0.235619 0.000000
vt -0.100000 0.183260 0.000000
vt -0.100000 0.130900 0.000000
vt -0.100000 0.078540 0.000000
vt -0.100000 0.026180 0.000000
vt -0.100000 -0.026180 0.000000
vt -0.100000 -0.078540 0.000000
vt -0.100000 -0.130900 0.000000
vt -0.100000 -0.183260 0.000000
vt -0.000000 -0.235619 0.000000
vt -0.000000 -0.183260 0.000000
vt -0.000000 -0.130900 0.000000
vt -0.000000 -0.078540 0.000000
vt -0.000000 -0.026180 0.000000
vt -0.000000 0.026180 0.000000
vt -0.000000 0.078540 0.000000
vt -0.000000 0.130900 0.000000
vt -0.000000 0.183260 0.000000
vt -0.000000 0.235619 0.000000
vt -0.100000 -0.235619 0.000000
vt 0.000000 0.075000 0.000000
vt -0.048209 0.057453 0.000000
vt -0.073861 0.013024 0.000000
vt -0.064952 -0.037500 0.000000
vt -0.025652 -0.070477 0.000000
vt 0.025652 -0.070477 0.000000
vt 0.064952 -0.037500 0.000000
vt 0.073861 0.013024 0.000000
vt 0.048209 0.057453 0.000000
vt 0.100000 -0.235619 0.000000
vt 0.100000 -0.183260 0.000000
vt 0.100000 -0.130900 0.000000
vt 0.100000 -0.078540 0.000000
vt 0.100000 -0.026180 0.000000
vt 0.100000 0.026180 0.000000
vt 0.100000 0.078540 0.000000
vt 0.100000 0.130900 0.000000
vt 0.100000 0.183260 0.000000
vt 0.000000 0.235619 0.000000
vt 0.000000 0.183260 0.000000
vt 0.000000 0.130900 0.000000
vt 0.000000 0.078540 0.000000
vt 0.000000 0.026180 0.000000
vt 0.000000 -0.026180 0.000000
vt 0.000000 -0.078540 0.000000
vt 0.000000 -0.130900 0.000000
vt 0.000000 -0.183260 0.000000
vt 0.000000 -0.235619 0.000000
vt 0.100000 0.235619 0.000000
vt 1.072540 0.075000 0.000000
vt 1.120749 0.057453 0.000000
vt 1.146401 0.013024 0.000000
vt 1.137492 -0.037500 0.000000
vt 1.098192 -0.070477 0.000000
vt 1.046889 -0.070477 0.000000
vt 1.007589 -0.037500 0.000000
vt 0.998680 0.013024 0.000000
vt 1.024331 0.057453 0.000000
vt -1.127460 0.125000 0.000000
vt -1.127460 -0.125000 0.000000
vt -1.124110 -0.137500 0.000000
vt -1.114960 -0.146651 0.000000
vt -1.102460 -0.150000 0.000000
vt 1.072540 -0.150000 0.000000
vt 1.147540 -0.129904 0.000000
vt 1.202444 -0.075000 0.000000
vt 1.222540 0.000000 0.000000
vt 1.202444 0.075000 0.000000
vt 1.147540 0.129904 0.000000
vt 1.072540 0.150000 0.000000
vt -1.102460 0.150000 0.000000
vt -1.114960 0.146651 0.000000
vt -1.124110 0.137500 0.000000
vt -0.250000 0.000000 0.000000
vt -0.000000 0.000000 0.000000
vt -0.000000 0.200000 0.000000
vt -0.250000 0.200000 0.000000
vt 0.000000 0.000000 0.000000
vt 0.000000 -0.013090 0.000000
vt 0.000000 -0.026180 0.000000
vt 0.000000 -0.039270 0.000000
vt 0.200000 -0.039270 0.000000
vt 0.200000 -0.026180 0.000000
vt 0.200000 -0.013090 0.000000
vt 0.200000 0.000000 0.000000
vt -2.175000 0.000000 0.000000
vt -0.000000 0.000000 0.000000
vt -0.000000 0.200000 0.000000
vt -2.175000 0.200000 0.000000
vt 0.000000 0.000000 0.000000
vt 0.000000 -0.078540 0.000000
vt 0.000000 -0.157080 0.000000
vt 0.000000 -0.235619 0.000000
vt 0.000000 -0.314159 0.000000
vt 0.000000 -0.392699 0.000000
vt 0.000000 -0.471239 0.000000
vt 0.200000 -0.471239 0.000000
vt 0.200000 -0.392699 0.000000
vt 0.200000 -0.314159 0.000000
vt 0.200000 -0.235619 0.000000
vt 0.200000 -0.157080 0.000000
vt 0.200000 -0.078540 0.000000
vt 0.200000 0.000000 0.000000
vt -2.175000 0.000000 0.000000
vt -0.000000 0.000000 0.000000
vt -0.000000 0.200000 0.000000
vt -2.175000 0.200000 0.000000
vt 0.000000 0.000000 0.000000
vt 0.000000 -0.013090 0.000000
vt 0.000000 -0.026180 0.000000
vt 0.000000 -0.039270 0.000000
vt 0.200000 -0.039270 0.000000
vt 0.200000 -0.026180 0.000000
vt 0.200000 -0.013090 0.000000
vt 0.200000 0.000000 0.000000
vt -0.950000 -3.141593 0.000000
vt -0.950000 -2.917193 0.000000
vt -0.950000 -2.692794 0.000000
vt -0.950000 -2.468394 0.000000
vt -0.950000 -2.243995 0.000000
vt -0.950000 -2.019595 0.000000
vt -0.950000 -1.795196 0.000000
vt -0.950000 -1.570796 0.000000
vt -0.950000 -1.346397 0.000000
vt -0.950000 -1.121997 0.000000
vt -0.950000 -0.897598 0.000000
vt -0.950000 -0.673198 0.000000
vt -0.950000 -0.448799 0.000000
vt -0.950000 -0.224399 0.000000
vt -0.950000 0.000000 0.000000
vt -0.950000 0.224399 0.000000
vt -0.950000 0.448799 0.000000
vt -0.950000 0.673198 0.000000
vt -0.950000 0.897598 0.000000
vt -0.950000 1.121997 0.000000
vt -0.950000 1.346397 0.000000
vt -0.950000 1.570796 0.000000
vt -0.950000 1.795196 0.000000
vt -0.950000 2.019595 0.000000
vt -0.950000 2.243995 0.000000
vt -0.950000 2.468394 0.000000
vt -0.950000 2.692794 0.000000
vt -0.950000 2.917193 0.000000
vt -1.050000 3.141593 0.000000
vt -1.050000 2.917193 0.000000
vt -1.050000 2.692794 0.000000
vt -1.050000 2.468394 0.000000
vt -1.050000 2.243995 0.000000
vt -1.050000 2.019595 0.000000
vt -1.050000 1.795196 0.000000
vt -1.050000 1.570796 0.000000
vt -1.050000 1.346397 0.000000
vt -1.050000 1.121997 0.000000
vt -1.050000 0.897598 0.000000
vt -1.050000 0.673198 0.000000
vt -1.050000 0.448799 0.000000
vt -1.050000 0.224399 0.000000
vt -1.050000 0.000000 0.000000
vt -1.050000 -0.224399 0.000000
vt -1.050000 -0.448799 0.000000
vt -1.050000 -0.673198 0.000000
vt -1.050000 -0.897598 0.000000
vt -1.050000 -1.121997 0.000000
vt -1.050000 -1.346397 0.000000
vt -1.050000 -1.570796 0.000000
vt -1.050000 -1.795196 0.000000
vt -1.050000 -2.019595 0.000000
vt -1.050000 -2.243995 0.000000
vt -1.050000 -2.468394 0.000000
vt -1.050000 -2.692794 0.000000
vt -1.050000 -2.917193 0.000000
vt -1.050000 -3.141593 0.000000
vt -0.950000 3.141593 0.000000
vt 0.050000 -2.042035 0.000000
vt 0.050000 -1.864467 0.000000
vt 0.050000 -1.686899 0.000000
vt 0.050000 -1.509330 0.000000
vt 0.050000 -1.331762 0.000000
vt 0.050000 -1.154194 0.000000
vt 0.050000 -0.976626 0.000000
vt 0.050000 -0.799057 0.000000
vt 0.050000 -0.621489 0.000000
vt 0.050000 -0.443921 0.000000
vt 0.050000 -0.266352 0.000000
vt 0.050000 -0.088784 0.000000
vt 0.050000 0.088784 0.000000
vt 0.050000 0.266352 0.000000
vt 0.050000 0.443921 0.000000
vt 0.050000 0.621489 0.000000
vt 0.050000 0.799057 0.000000
vt 0.050000 0.976626 0.000000
vt 0.050000 1.154194 0.000000
vt 0.050000 1.331762 0.000000
vt 0.050000 1.509330 0.000000
vt 0.050000 1.686899 0.000000
vt 0.050000 1.864467 0.000000
vt 0.000000 0.000000 0.000000
vt 0.000000 -0.177568 0.000000
vt 0.000000 -0.355137 0.000000
vt 0.000000 -0.532705 0.000000
vt 0.000000 -0.710273 0.000000
vt 0.000000 -0.887841 0.000000
vt 0.000000 -1.065410 0.000000
vt 0.000000 -1.242978 0.000000
vt 0.000000 -1.420546 0.000000
vt 0.000000 -1.598114 0.000000
vt 0.000000 -1.775683 0.000000
vt 0.000000 2.130819 0.000000
vt 0.000000 1.953251 0.000000
vt 0.000000 1.775683 0.000000
vt 0.000000 1.598114 0.000000
vt 0.000000 1.420546 0.000000
vt 0.000000 1.242978 0.000000
vt 0.000000 1.065410 0.000000
vt 0.000000 0.887841 0.000000
vt 0.000000 0.710273 0.000000
vt 0.000000 0.532705 0.000000
vt 0.000000 0.355137 0.000000
vt 0.000000 0.177568 0.000000
vt 0.000000 -1.953251 0.000000
vt 0.050000 2.042035 0.000000
vt 0.050000 2.042035 0.000000
vt 0.000000 -1.953251 0.000000
vt -0.950000 -3.141593 0.000000
vt -0.950000 -2.917193 0.000000
vt -0.950000 -2.692794 0.000000
vt -0.950000 -2.468394 0.000000
vt -0.950000 -2.243995 0.000000
vt -0.950000 -2.019595 0.000000
vt -0.950000 -1.795196 0.000000
vt -0.950000 -1.570796 0.000000
vt -0.950000 -1.346397 0.000000
vt -0.950000 -1.121997 0.000000
vt -0.950000 -0.897598 0.000000
vt -0.950000 -0.673198 0.000000
vt -0.950000 -0.448799 0.000000
vt -0.950000 -0.224399 0.000000
vt -0.950000 0.000000 0.000000
vt -0.950000 0.224399 0.000000
vt -0.950000 0.448799 0.000000
vt -0.950000 0.673198 0.000000
vt -0.950000 0.897598 0.000000
vt -0.950000 1.121997 0.000000
vt -0.950000 1.346397 0.000000
vt -0.950000 1.570796 0.000000
vt -0.950000 1.795196 0.000000
vt -0.950000 2.019595 0.000000
vt -0.950000 2.243995 0.000000
vt -0.950000 2.468394 0.000000
vt -0.950000 2.692794 0.000000
vt -0.950000 2.917193 0.000000
vt -1.050000 3.141593 0.000000
vt -1.050000 2.917193 0.000000
vt -1.050000 2.692794 0.000000
vt -1.050000 2.468394 0.000000
vt -1.050000 2.243995 0.000000
vt -1.050000 2.019595 0.000000
vt -1.050000 1.795196 0.000000
vt -1.050000 1.570796 0.000000
vt -1.050000 1.346397 0.000000
vt -1.050000 1.121997 0.000000
vt -1.050000 0.897598 0.000000
vt -1.050000 0.673198 0.000000
vt -1.050000 0.448799 0.000000
vt -1.050000 0.224399 0.000000
vt -1.050000 0.000000 0.000000
vt -1.050000 -0.224399 0.000000
vt -1.050000 -0.448799 0.000000
vt -1.050000 -0.673198 0.000000
vt -1.050000 -0.897598 0.000000
vt -1.050000 -1.121997 0.000000
vt -1.050000 -1.346397 0.000000
vt -1.050000 -1.570796 0.000000
vt -1.050000 -1.795196 0.000000
vt -1.050000 -2.019595 0.000000
vt -1.050000 -2.243995 0.000000
vt -1.050000 -2.468394 0.000000
vt -1.050000 -2.692794 0.000000
vt -1.050000 -2.917193 0.000000
vt -1.050000 -3.141593 0.000000
vt -0.950000 3.141593 0.000000
vt 0.550000 0.000000 0.000000
vt 0.525565 -0.162115 0.000000
vt 0.454431 -0.309826 0.000000
vt 0.342919 -0.430007 0.000000
vt 0.200938 -0.511981 0.000000
vt 0.041102 -0.548462 0.000000
vt -0.122387 -0.536210 0.000000
vt -0.275000 -0.476314 0.000000
vt -0.403179 -0.374095 0.000000
vt -0.495533 -0.238636 0.000000
vt -0.543857 -0.081973 0.000000
vt -0.543857 0.081973 0.000000
vt -0.495533 0.238636 0.000000
vt -0.403179 0.374095 0.000000
vt -0.275000 0.476314 0.000000
vt -0.122387 0.536210 0.000000
vt 0.041102 0.548462 0.000000
vt 0.200938 0.511981 0.000000
vt 0.342919 0.430007 0.000000
vt 0.454431 0.309826 0.000000
vt 0.525565 0.162115 0.000000
vt 0.650000 0.000000 0.000000
vt 0.625896 0.175368 0.000000
vt 0.555373 0.337730 0.000000
vt 0.443660 0.475043 0.000000
vt 0.299042 0.577125 0.000000
vt 0.132246 0.636405 0.000000
vt -0.044358 0.648485 0.000000
vt -0.217672 0.612470 0.000000
vt -0.374842 0.531030 0.000000
vt -0.504212 0.410207 0.000000
vt -0.596187 0.258961 0.000000
vt -0.643946 0.088508 0.000000
vt -0.643946 -0.088508 0.000000
vt -0.596187 -0.258961 0.000000
vt -0.504212 -0.410207 0.000000
vt -0.374842 -0.531030 0.000000
vt -0.217672 -0.612470 0.000000
vt -0.044358 -0.648485 0.000000
vt 0.132246 -0.636405 0.000000
vt 0.299042 -0.577125 0.000000
vt 0.443660 -0.475043 0.000000
vt 0.555373 -0.337730 0.000000
vt 0.625896 -0.175368 0.000000
vt -0.050000 1.727876 0.000000
vt -0.050000 1.563316 0.000000
vt -0.050000 1.398757 0.000000
vt -0.050000 1.234197 0.000000
vt -0.050000 1.069638 0.000000
vt -0.050000 0.905078 0.000000
vt -0.050000 0.740518 0.000000
vt -0.050000 0.575959 0.000000
vt -0.050000 0.411399 0.000000
vt -0.050000 0.246839 0.000000
vt -0.050000 0.082280 0.000000
vt -0.050000 -0.082280 0.000000
vt -0.050000 -0.246839 0.000000
vt -0.050000 -0.411399 0.000000
vt -0.050000 -0.575959 0.000000
vt -0.050000 -0.740518 0.000000
vt -0.050000 -0.905078 0.000000
vt -0.050000 -1.069638 0.000000
vt -0.050000 -1.234197 0.000000
vt -0.050000 -1.398757 0.000000
vt -0.050000 -1.563316 0.000000
vt -0.000000 -1.727876 0.000000
vt -0.000000 -1.563316 0.000000
vt -0.000000 -1.398757 0.000000
vt -0.000000 -1.234197 0.000000
vt -0.000000 -1.069638 0.000000
vt -0.000000 -0.905078 0.000000
vt -0.000000 -0.740518 0.000000
vt -0.000000 -0.575959 0.000000
vt -0.000000 -0.411399 0.000000
vt -0.000000 -0.246839 0.000000
vt -0.000000 -0.082280 0.000000
vt -0.000000 0.082280 0.000000
vt -0.000000 0.246839 0.000000
vt -0.000000 0.411399 0.000000
vt -0.000000 0.575959 0.000000
vt -0.000000 0.740518 0.000000
vt -0.000000 0.905078 0.000000
vt -0.000000 1.069638 0.000000
vt -0.000000 1.234197 0.000000
vt -0.000000 1.398757 0.000000
vt -0.000000 1.563316 0.000000
vt -0.000000 1.727876 0.000000
vt -0.050000 -1.727876 0.000000
vt -0.550000 0.000000 0.000000
vt -0.525565 -0.162115 0.000000
vt -0.454431 -0.309826 0.000000
vt -0.342919 -0.430007 0.000000
vt -0.200938 -0.511981 0.000000
vt -0.041102 -0.548462 0.000000
vt 0.122387 -0.536210 0.000000
vt 0.275000 -0.476314 0.000000
vt 0.403179 -0.374095 0.000000
vt 0.495533 -0.238636 0.000000
vt 0.543857 -0.081973 0.000000
vt 0.543857 0.081973 0.000000
vt 0.495533 0.238636 0.000000
vt 0.403179 0.374095 0.000000
vt 0.275000 0.476314 0.000000
vt 0.122387 0.536210 0.000000
vt -0.041102 0.548462 0.000000
vt -0.200938 0.511981 0.000000
vt -0.342919 0.430007 0.000000
vt -0.454431 0.309826 0.000000
vt -0.525565 0.162115 0.000000
vt -0.050000 2.042035 0.000000
vt -0.050000 1.864467 0.000000
vt -0.050000 1.686899 0.000000
vt -0.050000 1.509330 0.000000
vt -0.050000 1.331762 0.000000
vt -0.050000 1.154194 0.000000
vt -0.050000 0.976626 0.000000
vt -0.050000 0.799057 0.000000
vt -0.050000 0.621489 0.000000
vt -0.050000 0.443921 0.000000
vt -0.050000 0.266352 0.000000
vt -0.050000 0.088784 0.000000
vt -0.050000 -0.088784 0.000000
vt -0.050000 -0.266352 0.000000
vt -0.050000 -0.443921 0.000000
vt -0.050000 -0.621489 0.000000
vt -0.050000 -0.799057 0.000000
vt -0.050000 -0.976626 0.000000
vt -0.050000 -1.154194 0.000000
vt -0.050000 -1.331762 0.000000
vt -0.050000 -1.509330 0.000000
vt -0.050000 -1.686899 0.000000
vt -0.050000 -1.864467 0.000000
vt -0.000000 0.000000 0.000000
vt -0.000000 0.177568 0.000000
vt -0.000000 0.355137 0.000000
vt -0.000000 0.532705 0.000000
vt -0.000000 0.710273 0.000000
vt -0.000000 0.887841 0.000000
vt -0.000000 1.065410 0.000000
vt -0.000000 1.242978 0.000000
vt -0.000000 1.420546 0.000000
vt -0.000000 1.598114 0.000000
vt -0.000000 1.775683 0.000000
vt -0.000000 -2.130819 0.000000
vt -0.000000 -1.953251 0.000000
vt -0.000000 -1.775683 0.000000
vt -0.000000 -1.598114 0.000000
vt -0.000000 -1.420546 0.000000
vt -0.000000 -1.242978 0.000000
vt -0.000000 -1.065410 0.000000
vt -0.000000 -0.887841 0.000000
vt -0.000000 -0.710273 0.000000
vt -0.000000 -0.532705 0.000000
vt -0.000000 -0.355137 0.000000
vt -0.000000 -0.177568 0.000000
vt -0.000000 1.953251 0.000000
vt -0.050000 -2.042035 0.000000
vt -0.050000 -2.042035 0.000000
vt -0.000000 1.953251 0.000000
vt -0.550000 0.000000 0.000000
vt -0.525565 0.162115 0.000000
vt -0.454431 0.309826 0.000000
vt -0.342919 0.430007 0.000000
vt -0.200938 0.511981 0.000000
vt -0.041102 0.548462 0.000000
vt 0.122387 0.536210 0.000000
vt 0.275000 0.476314 0.000000
vt 0.403179 0.374095 0.000000
vt 0.495533 0.238636 0.000000
vt 0.543857 0.081973 0.000000
vt 0.543857 -0.081973 0.000000
vt 0.495533 -0.238636 0.000000
vt 0.403179 -0.374095 0.000000
vt 0.275000 -0.476314 0.000000
vt 0.122387 -0.536210 0.000000
vt -0.041102 -0.548462 0.000000
vt -0.200938 -0.511981 0.000000
vt -0.342919 -0.430007 0.000000
vt -0.454431 -0.309826 0.000000
vt -0.525565 -0.162115 0.000000
vt -0.650000 0.000000 0.000000
vt -0.625896 -0.175368 0.000000
vt -0.555373 -0.337730 0.000000
vt -0.443660 -0.475043 0.000000
vt -0.299042 -0.577125 0.000000
vt -0.132246 -0.636405 0.000000
vt 0.044358 -0.648485 0.000000
vt 0.217672 -0.612470 0.000000
vt 0.374842 -0.531030 0.000000
vt 0.504212 -0.410207 0.000000
vt 0.596187 -0.258961 0.000000
vt 0.643946 -0.088508 0.000000
vt 0.643946 0.088508 0.000000
vt 0.596187 0.258961 0.000000
vt 0.504212 0.410207 0.000000
vt 0.374842 0.531030 0.000000
vt 0.217672 0.612470 0.000000
vt 0.044358 0.648485 0.000000
vt -0.132246 0.636405 0.000000
vt -0.299042 0.577125 0.000000
vt -0.443660 0.475043 0.000000
vt -0.555373 0.337730 0.000000
vt -0.625896 0.175368 0.000000
vt -0.000000 0.000000 0.000000
vt -0.000000 0.182325 0.000000
vt -0.000000 0.364649 0.000000
vt -0.000000 0.546974 0.000000
vt -0.000000 0.729298 0.000000
vt -0.000000 0.911623 0.000000
vt -0.000000 1.093947 0.000000
vt -0.000000 1.276272 0.000000
vt -0.000000 1.458597 0.000000
vt -0.000000 1.640921 0.000000
vt -0.000000 1.823246 0.000000
vt -0.000000 2.005570 0.000000
vt -0.000000 2.187895 0.000000
vt -0.000000 2.370219 0.000000
vt -0.000000 -2.552544 0.000000
vt -0.000000 -2.370219 0.000000
vt -0.000000 -2.187895 0.000000
vt -0.000000 -2.005570 0.000000
vt -0.000000 -1.823246 0.000000
vt -0.000000 -1.640921 0.000000
vt -0.000000 -1.458597 0.000000
vt -0.000000 -1.276272 0.000000
vt -0.000000 -1.093947 0.000000
vt -0.000000 -0.911623 0.000000
vt -0.000000 -0.729298 0.000000
vt -0.000000 -0.546974 0.000000
vt -0.000000 -0.364649 0.000000
vt -0.000000 -0.182325 0.000000
vt -0.381608 0.000000 0.000000
vt -0.381608 -0.221960 0.000000
vt -0.381608 -0.443921 0.000000
vt -0.381608 -0.665881 0.000000
vt -0.381608 -0.887841 0.000000
vt -0.381608 -1.109802 0.000000
vt -0.381608 -1.331762 0.000000
vt -0.381608 -1.553722 0.000000
vt -0.381608 -1.775683 0.000000
vt -0.381608 -1.997643 0.000000
vt -0.381608 -2.219604 0.000000
vt -0.381608 2.663524 0.000000
vt -0.381608 2.441564 0.000000
vt -0.381608 2.219604 0.000000
vt -0.381608 1.997643 0.000000
vt -0.381608 1.775683 0.000000
vt -0.381608 1.553722 0.000000
vt -0.381608 1.331762 0.000000
vt -0.381608 1.109802 0.000000
vt -0.381608 0.887841 0.000000
vt -0.381608 0.665881 0.000000
vt -0.381608 0.443921 0.000000
vt -0.381608 0.221960 0.000000
vt -0.000000 2.552544 0.000000
vt -0.000000 2.552544 0.000000
vt -0.381608 -2.441564 0.000000
vt -0.381608 -2.441564 0.000000
vt 0.050000 -1.727876 0.000000
vt 0.050000 -1.563316 0.000000
vt 0.050000 -1.398757 0.000000
vt 0.050000 -1.234197 0.000000
vt 0.050000 -1.069638 0.000000
vt 0.050000 -0.905078 0.000000
vt 0.050000 -0.740518 0.000000
vt 0.050000 -0.575959 0.000000
vt 0.050000 -0.411399 0.000000
vt 0.050000 -0.246839 0.000000
vt 0.050000 -0.082280 0.000000
vt 0.050000 0.082280 0.000000
vt 0.050000 0.246839 0.000000
vt 0.050000 0.411399 0.000000
vt 0.050000 0.575959 0.000000
vt 0.050000 0.740518 0.000000
vt 0.050000 0.905078 0.000000
vt 0.050000 1.069638 0.000000
vt 0.050000 1.234197 0.000000
vt 0.050000 1.398757 0.000000
vt 0.050000 1.563316 0.000000
vt 0.000000 1.727876 0.000000
vt 0.000000 1.563316 0.000000
vt 0.000000 1.398757 0.000000
vt 0.000000 1.234197 0.000000
vt 0.000000 1.069638 0.000000
vt 0.000000 0.905078 0.000000
vt 0.000000 0.740518 0.000000
vt 0.000000 0.575959 0.000000
vt 0.000000 0.411399 0.000000
vt 0.000000 0.246839 0.000000
vt 0.000000 0.082280 0.000000
vt 0.000000 -0.082280 0.000000
vt 0.000000 -0.246839 0.000000
vt 0.000000 -0.411399 0.000000
vt 0.000000 -0.575959 0.000000
vt 0.000000 -0.740518 0.000000
vt 0.000000 -0.905078 0.000000
vt 0.000000 -1.069638 0.000000
vt 0.000000 -1.234197 0.000000
vt 0.000000 -1.398757 0.000000
vt 0.000000 -1.563316 0.000000
vt 0.000000 -1.727876 0.000000
vt 0.050000 1.727876 0.000000
vt 0.550000 0.000000 0.000000
vt 0.525565 0.162115 0.000000
vt 0.454431 0.309826 0.000000
vt 0.342919 0.430007 0.000000
vt 0.200938 0.511981 0.000000
vt 0.041102 0.548462 0.000000
vt -0.122387 0.536210 0.000000
vt -0.275000 0.476314 0.000000
vt -0.403179 0.374095 0.000000
vt -0.495533 0.238636 0.000000
vt -0.543857 0.081973 0.000000
vt -0.543857 -0.081973 0.000000
vt -0.495533 -0.238636 0.000000
vt -0.403179 -0.374095 0.000000
vt -0.275000 -0.476314 0.000000
vt -0.122387 -0.536210 0.000000
vt 0.041102 -0.548462 0.000000
vt 0.200938 -0.511981 0.000000
vt 0.342919 -0.430007 0.000000
vt 0.454431 -0.309826 0.000000
vt 0.525565 -0.162115 0.000000
vt 0.975000 0.000000 0.000000
vt 0.950555 -0.216958 0.000000
vt 0.878445 -0.423037 0.000000
vt 0.762286 -0.607903 0.000000
vt 0.607903 -0.762286 0.000000
vt 0.423037 -0.878445 0.000000
vt 0.216958 -0.950555 0.000000
vt 0.000000 -0.975000 0.000000
vt -0.216958 -0.950555 0.000000
vt -0.423037 -0.878445 0.000000
vt -0.607903 -0.762286 0.000000
vt -0.762286 -0.607903 0.000000
vt -0.878445 -0.423037 0.000000
vt -0.950555 -0.216958 0.000000
vt -0.975000 0.000000 0.000000
vt -0.950555 0.216958 0.000000
vt -0.878445 0.423037 0.000000
vt -0.762286 0.607903 0.000000
vt -0.607903 0.762286 0.000000
vt -0.423037 0.878445 0.000000
vt -0.216958 0.950555 0.000000
vt 0.000000 0.975000 0.000000
vt 0.216958 0.950555 0.000000
vt 0.423037 0.878445 0.000000
vt 0.607903 0.762286 0.000000
vt 0.762286 0.607903 0.000000
vt 0.878445 0.423037 0.000000
vt 0.950555 0.216958 0.000000
vt 1.000000 0.000000 0.000000
vt 0.974928 0.222521 0.000000
vt 0.900969 0.433884 0.000000
vt 0.781832 0.623490 0.000000
vt 0.623490 0.781832 0.000000
vt 0.433884 0.900969 0.000000
vt 0.222521 0.974928 0.000000
vt 0.000000 1.000000 0.000000
vt -0.222521 0.974928 0.000000
vt -0.433884 0.900969 0.000000
vt -0.623490 0.781832 0.000000
vt -0.781832 0.623490 0.000000
vt -0.900969 0.433884 0.000000
vt -0.974928 0.222521 0.000000
vt -1.000000 0.000000 0.000000
vt -0.974928 -0.222521 0.000000
vt -0.900969 -0.433884 0.000000
vt -0.781832 -0.623490 0.000000
vt -0.623490 -0.781832 0.000000
vt -0.433884 -0.900969 0.000000
vt -0.222521 -0.974928 0.000000
vt 0.000000 -1.000000 0.000000
vt 0.222521 -0.974928 0.000000
vt 0.433884 -0.900969 0.000000
vt 0.623490 -0.781832 0.000000
vt 0.781832 -0.623490 0.000000
vt 0.900969 -0.433884 0.000000
vt 0.974928 -0.222521 0.000000
vt -1.550000 3.141593 0.000000
vt -1.550000 2.917193 0.000000
vt -1.550000 2.692794 0.000000
vt -1.550000 2.468394 0.000000
vt -1.550000 2.243995 0.000000
vt -1.550000 2.019595 0.000000
vt -1.550000 1.795196 0.000000
vt -1.550000 1.570796 0.000000
vt -1.550000 1.346397 0.000000
vt -1.550000 1.121997 0.000000
vt -1.550000 0.897598 0.000000
vt -1.550000 0.673198 0.000000
vt -1.550000 0.448799 0.000000
vt -1.550000 0.224399 0.000000
vt -1.550000 0.000000 0.000000
vt -1.550000 -0.224399 0.000000
vt -1.550000 -0.448799 0.000000
vt -1.550000 -0.673198 0.000000
vt -1.550000 -0.897598 0.000000
vt -1.550000 -1.121997 0.000000
vt -1.550000 -1.346397 0.000000
vt -1.550000 -1.570796 0.000000
vt -1.550000 -1.795196 0.000000
vt -1.550000 -2.019595 0.000000
vt -1.550000 -2.243995 0.000000
vt -1.550000 -2.468394 0.000000
vt -1.550000 -2.692794 0.000000
vt -1.550000 -2.917193 0.000000
vt -1.050000 -3.141593 0.000000
vt -1.050000 -2.917193 0.000000
vt -1.050000 -2.692794 0.000000
vt -1.050000 -2.468394 0.000000
vt -1.050000 -2.243995 0.000000
vt -1.050000 -2.019595 0.000000
vt -1.050000 -1.795196 0.000000
vt -1.050000 -1.570796 0.000000
vt -1.050000 -1.346397 0.000000
vt -1.050000 -1.121997 0.000000
vt -1.050000 -0.897598 0.000000
vt -1.050000 -0.673198 0.000000
vt -1.050000 -0.448799 0.000000
vt -1.050000 -0.224399 0.000000
vt -1.050000 0.000000 0.000000
vt -1.050000 0.224399 0.000000
vt -1.050000 0.448799 0.000000
vt -1.050000 0.673198 0.000000
vt -1.050000 0.897598 0.000000
vt -1.050000 1.121997 0.000000
vt -1.050000 1.346397 0.000000
vt -1.050000 1.570796 0.000000
vt -1.050000 1.795196 0.000000
vt -1.050000 2.019595 0.000000
vt -1.050000 2.243995 0.000000
vt -1.050000 2.468394 0.000000
vt -1.050000 2.692794 0.000000
vt -1.050000 2.917193 0.000000
vt -1.050000 3.141593 0.000000
vt -1.550000 -3.141593 0.000000
vt -0.950000 3.141593 0.000000
vt -0.950000 2.917193 0.000000
vt -0.950000 2.692794 0.000000
vt -0.950000 2.468394 0.000000
vt -0.950000 2.243995 0.000000
vt -0.950000 2.019595 0.000000
vt -0.950000 1.795196 0.000000
vt -0.950000 1.570796 0.000000
vt -0.950000 1.346397 0.000000
vt -0.950000 1.121997 0.000000
vt -0.950000 0.897598 0.000000
vt -0.950000 0.673198 0.000000
vt -0.950000 0.448799 0.000000
vt -0.950000 0.224399 0.000000
vt -0.950000 0.000000 0.000000
vt -0.950000 -0.224399 0.000000
vt -0.950000 -0.448799 0.000000
vt -0.950000 -0.673198 0.000000
vt -0.950000 -0.897598 0.000000
vt -0.950000 -1.121997 0.000000
vt -0.950000 -1.346397 0.000000
vt -0.950000 -1.570796 0.000000
vt -0.950000 -1.795196 0.000000
vt -0.950000 -2.019595 0.000000
vt -0.950000 -2.243995 0.000000
vt -0.950000 -2.468394 0.000000
vt -0.950000 -2.692794 0.000000
vt -0.950000 -2.917193 0.000000
vt -0.000000 -3.141593 0.000000
vt -0.000000 -2.917193 0.000000
vt -0.000000 -2.692794 0.000000
vt -0.000000 -2.468394 0.000000
vt -0.000000 -2.243995 0.000000
vt -0.000000 -2.019595 0.000000
vt -0.000000 -1.795196 0.000000
vt -0.000000 -1.570796 0.000000
vt -0.000000 -1.346397 0.000000
vt -0.000000 -1.121997 0.000000
vt -0.000000 -0.897598 0.000000
vt -0.000000 -0.673198 0.000000
vt -0.000000 -0.448799 0.000000
vt -0.000000 -0.224399 0.000000
vt -0.000000 0.000000 0.000000
vt -0.000000 0.224399 0.000000
vt -0.000000 0.448799 0.000000
vt -0.000000 0.673198 0.000000
vt -0.000000 0.897598 0.000000
vt -0.000000 1.121997 0.000000
vt -0.000000 1.346397 0.000000
vt -0.000000 1.570796 0.000000
vt -0.000000 1.795196 0.000000
vt -0.000000 2.019595 0.000000
vt -0.000000 2.243995 0.000000
vt -0.000000 2.468394 0.000000
vt -0.000000 2.692794 0.000000
vt -0.000000 2.917193 0.000000
vt -0.000000 3.141593 0.000000
vt -0.950000 -3.141593 0.000000
vt -0.975000 0.000000 0.000000
vt -0.950555 0.216958 0.000000
vt -0.878445 0.423037 0.000000
vt -0.762286 0.607903 0.000000
vt -0.607903 0.762286 0.000000
vt -0.423037 0.878445 0.000000
vt -0.216958 0.950555 0.000000
vt 0.000000 0.975000 0.000000
vt 0.216958 0.950555 0.000000
vt 0.423037 0.878445 0.000000
vt 0.607903 0.762286 0.000000
vt 0.762286 0.607903 0.000000
vt 0.878445 0.423037 0.000000
vt 0.950555 0.216958 0.000000
vt 0.975000 0.000000 0.000000
vt 0.950555 -0.216958 0.000000
vt 0.878445 -0.423037 0.000000
vt 0.762286 -0.607903 0.000000
vt 0.607903 -0.762286 0.000000
vt 0.423037 -0.878445 0.000000
vt 0.216958 -0.950555 0.000000
vt 0.000000 -0.975000 0.000000
vt -0.216958 -0.950555 0.000000
vt -0.423037 -0.878445 0.000000
vt -0.607903 -0.762286 0.000000
vt -0.762286 -0.607903 0.000000
vt -0.878445 -0.423037 0.000000
vt -0.950555 -0.216958 0.000000
vt 1.000000 0.000000 0.000000
vt 0.974928 0.222521 0.000000
vt 0.900969 0.433884 0.000000
vt 0.781832 0.623490 0.000000
vt 0.623490 0.781832 0.000000
vt 0.433884 0.900969 0.000000
vt 0.222521 0.974928 0.000000
vt 0.000000 1.000000 0.000000
vt -0.222521 0.974928 0.000000
vt -0.433884 0.900969 0.000000
vt -0.623490 0.781832 0.000000
vt -0.781832 0.623490 0.000000
vt -0.900969 0.433884 0.000000
vt -0.974928 0.222521 0.000000
vt -1.000000 0.000000 0.000000
vt -0.974928 -0.222521 0.000000
vt -0.900969 -0.433884 0.000000
vt -0.781832 -0.623490 0.000000
vt -0.623490 -0.781832 0.000000
vt -0.433884 -0.900969 0.000000
vt -0.222521 -0.974928 0.000000
vt 0.000000 -1.000000 0.000000
vt 0.222521 -0.974928 0.000000
vt 0.433884 -0.900969 0.000000
vt 0.623490 -0.781832 0.000000
vt 0.781832 -0.623490 0.000000
vt 0.900969 -0.433884 0.000000
vt 0.974928 -0.222521 0.000000
vt 0.000000 0.000000 0.000000
vt 0.000000 -0.182325 0.000000
vt 0.000000 -0.364649 0.000000
vt 0.000000 -0.546974 0.000000
vt 0.000000 -0.729298 0.000000
vt 0.000000 -0.911623 0.000000
vt 0.000000 -1.093947 0.000000
vt 0.000000 -1.276272 0.000000
vt 0.000000 -1.458597 0.000000
vt 0.000000 -1.640921 0.000000
vt 0.000000 -1.823246 0.000000
vt 0.000000 -2.005570 0.000000
vt 0.000000 -2.187895 0.000000
vt 0.000000 -2.370219 0.000000
vt 0.000000 2.552544 0.000000
vt 0.000000 2.370219 0.000000
vt 0.000000 2.187895 0.000000
vt 0.000000 2.005570 0.000000
vt 0.000000 1.823246 0.000000
vt 0.000000 1.640921 0.000000
vt 0.000000 1.458597 0.000000
vt 0.000000 1.276272 0.000000
vt 0.000000 1.093947 0.000000
vt 0.000000 0.911623 0.000000
vt 0.000000 0.729298 0.000000
vt 0.000000 0.546974 0.000000
vt 0.000000 0.364649 0.000000
vt 0.000000 0.182325 0.000000
vt 0.381608 0.000000 0.000000
vt 0.381608 0.221960 0.000000
vt 0.381608 0.443921 0.000000
vt 0.381608 0.665881 0.000000
vt 0.381608 0.887841 0.000000
vt 0.381608 1.109802 0.000000
vt 0.381608 1.331762 0.000000
vt 0.381608 1.553722 0.000000
vt 0.381608 1.775683 0.000000
vt 0.381608 1.997643 0.000000
vt 0.381608 2.219604 0.000000
vt 0.381608 -2.663524 0.000000
vt 0.381608 -2.441564 0.000000
vt 0.381608 -2.219604 0.000000
vt 0.381608 -1.997643 0.000000
vt 0.381608 -1.775683 0.000000
vt 0.381608 -1.553722 0.000000
vt 0.381608 -1.331762 0.000000
vt 0.381608 -1.109802 0.000000
vt 0.381608 -0.887841 0.000000
vt 0.381608 -0.665881 0.000000
vt 0.381608 -0.443921 0.000000
vt 0.381608 -0.221960 0.000000
vt 0.000000 -2.552544 0.000000
vt 0.000000 -2.552544 0.000000
vt 0.381608 2.441564 0.000000
vt 0.381608 2.441564 0.000000
vt -1.550000 3.141593 0.000000
vt -1.550000 2.917193 0.000000
vt -1.550000 2.692794 0.000000
vt -1.550000 2.468394 0.000000
vt -1.550000 2.243995 0.000000
vt -1.550000 2.019595 0.000000
vt -1.550000 1.795196 0.000000
vt -1.550000 1.570796 0.000000
vt -1.550000 1.346397 0.000000
vt -1.550000 1.121997 0.000000
vt -1.550000 0.897598 0.000000
vt -1.550000 0.673198 0.000000
vt -1.550000 0.448799 0.000000
vt -1.550000 0.224399 0.000000
vt -1.550000 0.000000 0.000000
vt -1.550000 -0.224399 0.000000
vt -1.550000 -0.448799 0.000000
vt -1.550000 -0.673198 0.000000
vt -1.550000 -0.897598 0.000000
vt -1.550000 -1.121997 0.000000
vt -1.550000 -1.346397 0.000000
vt -1.550000 -1.570796 0.000000
vt -1.550000 -1.795196 0.000000
vt -1.550000 -2.019595 0.000000
vt -1.550000 -2.243995 0.000000
vt -1.550000 -2.468394 0.000000
vt -1.550000 -2.692794 0.000000
vt -1.550000 -2.917193 0.000000
vt -1.050000 -3.141593 0.000000
vt -1.050000 -2.917193 0.000000
vt -1.050000 -2.692794 0.000000
vt -1.050000 -2.468394 0.000000
vt -1.050000 -2.243995 0.000000
vt -1.050000 -2.019595 0.000000
vt -1.050000 -1.795196 0.000000
vt -1.050000 -1.570796 0.000000
vt -1.050000 -1.346397 0.000000
vt -1.050000 -1.121997 0.000000
vt -1.050000 -0.897598 0.000000
vt -1.050000 -0.673198 0.000000
vt -1.050000 -0.448799 0.000000
vt -1.050000 -0.224399 0.000000
vt -1.050000 0.000000 0.000000
vt -1.050000 0.224399 0.000000
vt -1.050000 0.448799 0.000000
vt -1.050000 0.673198 0.000000
vt -1.050000 0.897598 0.000000
vt -1.050000 1.121997 0.000000
vt -1.050000 1.346397 0.000000
vt -1.050000 1.570796 0.000000
vt -1.050000 1.795196 0.000000
vt -1.050000 2.019595 0.000000
vt -1.050000 2.243995 0.000000
vt -1.050000 2.468394 0.000000
vt -1.050000 2.692794 0.000000
vt -1.050000 2.917193 0.000000
vt -1.050000 3.141593 0.000000
vt -1.550000 -3.141593 0.000000
vt -0.950000 3.141593 0.000000
vt -0.950000 2.917193 0.000000
vt -0.950000 2.692794 0.000000
vt -0.950000 2.468394 0.000000
vt -0.950000 2.243995 0.000000
vt -0.950000 2.019595 0.000000
vt -0.950000 1.795196 0.000000
vt -0.950000 1.570796 0.000000
vt -0.950000 1.346397 0.000000
vt -0.950000 1.121997 0.000000
vt -0.950000 0.897598 0.000000
vt -0.950000 0.673198 0.000000
vt -0.950000 0.448799 0.000000
vt -0.950000 0.224399 0.000000
vt -0.950000 0.000000 0.000000
vt -0.950000 -0.224399 0.000000
vt -0.950000 -0.448799 0.000000
vt -0.950000 -0.673198 0.000000
vt -0.950000 -0.897598 0.000000
vt -0.950000 -1.121997 0.000000
vt -0.950000 -1.346397 0.000000
vt -0.950000 -1.570796 0.000000
vt -0.950000 -1.795196 0.000000
vt -0.950000 -2.019595 0.000000
vt -0.950000 -2.243995 0.000000
vt -0.950000 -2.468394 0.000000
vt -0.950000 -2.692794 0.000000
vt -0.950000 -2.917193 0.000000
vt -0.000000 -3.141593 0.000000
vt -0.000000 -2.917193 0.000000
vt -0.000000 -2.692794 0.000000
vt -0.000000 -2.468394 0.000000
vt -0.000000 -2.243995 0.000000
vt -0.000000 -2.019595 0.000000
vt -0.000000 -1.795196 0.000000
vt -0.000000 -1.570796 0.000000
vt -0.000000 -1.346397 0.000000
vt -0.000000 -1.121997 0.000000
vt -0.000000 -0.897598 0.000000
vt -0.000000 -0.673198 0.000000
vt -0.000000 -0.448799 0.000000
vt -0.000000 -0.224399 0.000000
vt -0.000000 0.000000 0.000000
vt -0.000000 0.224399 0.000000
vt -0.000000 0.448799 0.000000
vt -0.000000 0.673198 0.000000
vt -0.000000 0.897598 0.000000
vt -0.000000 1.121997 0.000000
vt -0.000000 1.346397 0.000000
vt -0.000000 1.570796 0.000000
vt -0.000000 1.795196 0.000000
vt -0.000000 2.019595 0.000000
vt -0.000000 2.243995 0.000000
vt -0.000000 2.468394 0.000000
vt -0.000000 2.692794 0.000000
vt -0.000000 2.917193 0.000000
vt -0.000000 3.141593 0.000000
vt -0.950000 -3.141593 0.000000
vt 0.425000 0.235619 0.000000
vt 0.425000 0.117810 0.000000
vt 0.425000 0.000000 0.000000
vt 0.425000 -0.117810 0.000000
vt 0.425000 -0.235619 0.000000
vt 0.975000 -0.235619 0.000000
vt 0.975000 -0.117810 0.000000
vt 0.975000 0.000000 0.000000
vt 0.975000 0.117810 0.000000
vt 0.975000 0.235619 0.000000
vt 0.225000 -0.235619 0.000000
vt 0.225000 -0.117810 0.000000
vt 0.225000 0.000000 0.000000
vt 0.225000 0.117810 0.000000
vt 0.225000 0.235619 0.000000
vt -0.325000 0.235619 0.000000
vt -0.325000 0.117810 0.000000
vt -0.325000 0.000000 0.000000
vt -0.325000 -0.117810 0.000000
vt -0.325000 -0.235619 0.000000
vt -0.000000 -0.157080 0.000000
vt -0.000000 -0.078540 0.000000
vt -0.000000 0.000000 0.000000
vt -0.000000 0.078540 0.000000
vt -0.000000 0.157080 0.000000
vt -0.282843 0.157080 0.000000
vt -0.282843 0.052360 0.000000
vt -0.282843 -0.052360 0.000000
vt -0.282843 -0.157080 0.000000
vt 0.000000 0.000000 0.000000
vt 0.000000 2.050000 0.000000
vt -0.282843 2.050000 0.000000
vt -0.282843 0.000000 0.000000
vt -0.000000 -0.157080 0.000000
vt -0.000000 -0.078540 0.000000
vt -0.000000 0.000000 0.000000
vt -0.000000 0.078540 0.000000
vt -0.000000 0.157080 0.000000
vt -0.282843 0.157080 0.000000
vt -0.282843 0.052360 0.000000
vt -0.282843 -0.052360 0.000000
vt -0.282843 -0.157080 0.000000
vt -0.425000 -0.235619 0.000000
vt -0.425000 -0.117810 0.000000
vt -0.425000 0.000000 0.000000
vt -0.425000 0.117810 0.000000
vt -0.425000 0.235619 0.000000
vt -0.975000 0.235619 0.000000
vt -0.975000 0.117810 0.000000
vt -0.975000 0.000000 0.000000
vt -0.975000 -0.117810 0.000000
vt -0.975000 -0.235619 0.000000
vt -0.225000 0.235619 0.000000
vt -0.225000 0.117810 0.000000
vt -0.225000 0.000000 0.000000
vt -0.225000 -0.117810 0.000000
vt -0.225000 -0.235619 0.000000
vt 0.325000 -0.235619 0.000000
vt 0.325000 -0.117810 0.000000
vt 0.325000 0.000000 0.000000
vt 0.325000 0.117810 0.000000
vt 0.325000 0.235619 0.000000
vt -6.015000 1.025000 0.000000
vt -6.015000 -1.025000 0.000000
vt -6.002942 -1.070000 0.000000
vt -5.970000 -1.102942 0.000000
vt -5.925000 -1.115000 0.000000
vt 5.925000 -1.115000 0.000000
vt 5.970000 -1.102942 0.000000
vt 6.002942 -1.070000 0.000000
vt 6.015000 -1.025000 0.000000
vt 6.015000 1.025000 0.000000
vt 6.002942 1.070000 0.000000
vt 5.970000 1.102942 0.000000
vt 5.925000 1.115000 0.000000
vt -5.925000 1.115000 0.000000
vt -5.970000 1.102942 0.000000
vt -6.002942 1.070000 0.000000
vt -2.925000 0.000000 0.000000
vt -2.950072 -0.222521 0.000000
vt -3.024031 -0.433884 0.000000
vt -3.143168 -0.623490 0.000000
vt -3.301510 -0.781832 0.000000
vt -3.491116 -0.900969 0.000000
vt -3.702479 -0.974928 0.000000
vt -3.925000 -1.000000 0.000000
vt -4.147521 -0.974928 0.000000
vt -4.358884 -0.900969 0.000000
vt -4.548490 -0.781832 0.000000
vt -4.706831 -0.623490 0.000000
vt -4.825969 -0.433884 0.000000
vt -4.899928 -0.222521 0.000000
vt -4.925000 0.000000 0.000000
vt -4.899928 0.222521 0.000000
vt -4.825969 0.433884 0.000000
vt -4.706831 0.623490 0.000000
vt -4.548490 0.781832 0.000000
vt -4.358884 0.900969 0.000000
vt -4.147521 0.974928 0.000000
vt -3.925000 1.000000 0.000000
vt -3.702479 0.974928 0.000000
vt -3.491116 0.900969 0.000000
vt -3.301510 0.781832 0.000000
vt -3.143168 0.623490 0.000000
vt -3.024031 0.433884 0.000000
vt -2.950072 0.222521 0.000000
vt 3.375000 0.000000 0.000000
vt 3.349928 -0.222521 0.000000
vt 3.275969 -0.433884 0.000000
vt 3.156832 -0.623490 0.000000
vt 2.998490 -0.781832 0.000000
vt 2.808884 -0.900969 0.000000
vt 2.597521 -0.974928 0.000000
vt 2.375000 -1.000000 0.000000
vt 2.152479 -0.974928 0.000000
vt 1.941116 -0.900969 0.000000
vt 1.751510 -0.781832 0.000000
vt 1.593168 -0.623490 0.000000
vt 1.474031 -0.433884 0.000000
vt 1.400072 -0.222521 0.000000
vt 1.375000 0.000000 0.000000
vt 1.400072 0.222521 0.000000
vt 1.474031 0.433884 0.000000
vt 1.593168 0.623490 0.000000
vt 1.751510 0.781832 0.000000
vt 1.941116 0.900969 0.000000
vt 2.152479 0.974928 0.000000
vt 2.375000 1.000000 0.000000
vt 2.597521 0.974928 0.000000
vt 2.808884 0.900969 0.000000
vt 2.998490 0.781832 0.000000
vt 3.156832 0.623490 0.000000
vt 3.275969 0.433884 0.000000
vt 3.349928 0.222521 0.000000
vt 0.000000 0.000000 0.000000
vt 0.000000 -2.050000 0.000000
vt 0.282843 -2.050000 0.000000
vt 0.282843 0.000000 0.000000
vt -0.425000 0.235619 0.000000
vt -0.425000 0.117810 0.000000
vt -0.425000 0.000000 0.000000
vt -0.425000 -0.117810 0.000000
vt -0.425000 -0.235619 0.000000
vt -0.225000 -0.235619 0.000000
vt -0.225000 -0.117810 0.000000
vt -0.225000 0.000000 0.000000
vt -0.225000 0.117810 0.000000
vt -0.225000 0.235619 0.000000
vt 0.300000 1.325000 0.000000
vt 0.185195 1.302164 0.000000
vt 0.087868 1.237132 0.000000
vt 0.022836 1.139805 0.000000
vt 0.000000 1.025000 0.000000
vt 0.000000 -1.025000 0.000000
vt 0.022836 -1.139805 0.000000
vt 0.087868 -1.237132 0.000000
vt 0.185195 -1.302164 0.000000
vt 0.300000 -1.325000 0.000000
vt 12.150000 -1.325000 0.000000
vt 12.264805 -1.302164 0.000000
vt 12.362132 -1.237132 0.000000
vt 12.427164 -1.139805 0.000000
vt 12.450000 -1.025000 0.000000
vt 12.450000 1.025000 0.000000
vt 12.427164 1.139805 0.000000
vt 12.362132 1.237132 0.000000
vt 12.264805 1.302164 0.000000
vt 12.150000 1.325000 0.000000
vt -0.000000 -0.157080 0.000000
vt -0.000000 -0.078540 0.000000
vt -0.000000 0.000000 0.000000
vt -0.000000 0.078540 0.000000
vt -0.000000 0.157080 0.000000
vt -0.282843 0.157080 0.000000
vt -0.282843 0.052360 0.000000
vt -0.282843 -0.052360 0.000000
vt -0.282843 -0.157080 0.000000
vt -2.529129 -0.100000 0.000000
vt -5.925000 -0.100000 0.000000
vt -5.925000 -0.650000 0.000000
vt 5.925000 -0.650000 0.000000
vt 5.925000 -0.100000 0.000000
vt 2.529129 -0.100000 0.000000
vt 2.474545 -0.178980 0.000000
vt 2.394220 -0.231565 0.000000
vt 2.300000 -0.250000 0.000000
vt -2.300000 -0.250000 0.000000
vt -2.394220 -0.231565 0.000000
vt -2.474545 -0.178980 0.000000
vt 0.000000 0.000000 0.000000
vt 11.850000 0.000000 0.000000
vt 11.850000 0.282843 0.000000
vt 0.000000 0.282843 0.000000
vt 0.550000 -1.025000 0.000000
vt 0.550000 1.025000 0.000000
vt 0.000000 1.025000 0.000000
vt 0.000000 -1.025000 0.000000
vt 0.425000 -0.235619 0.000000
vt 0.425000 -0.117810 0.000000
vt 0.425000 0.000000 0.000000
vt 0.425000 0.117810 0.000000
vt 0.425000 0.235619 0.000000
vt 0.225000 0.235619 0.000000
vt 0.225000 0.117810 0.000000
vt 0.225000 0.000000 0.000000
vt 0.225000 -0.117810 0.000000
vt 0.225000 -0.235619 0.000000
vt 2.529129 -0.100000 0.000000
vt 5.925000 -0.100000 0.000000
vt 5.925000 0.100000 0.000000
vt 2.529129 0.100000 0.000000
vt 2.474545 0.178980 0.000000
vt 2.394220 0.231565 0.000000
vt 2.300000 0.250000 0.000000
vt -2.300000 0.250000 0.000000
vt -2.394220 0.231565 0.000000
vt -2.474545 0.178980 0.000000
vt -2.529129 0.100000 0.000000
vt -5.925000 0.100000 0.000000
vt -5.925000 -0.100000 0.000000
vt -2.529129 -0.100000 0.000000
vt -2.474545 -0.178980 0.000000
vt -2.394220 -0.231565 0.000000
vt -2.300000 -0.250000 0.000000
vt 2.300000 -0.250000 0.000000
vt 2.394220 -0.231565 0.000000
vt 2.474545 -0.178980 0.000000
vt 2.300000 0.150000 0.000000
vt 2.375000 0.129904 0.000000
vt 2.429904 0.075000 0.000000
vt 2.450000 0.000000 0.000000
vt 2.429904 -0.075000 0.000000
vt 2.375000 -0.129904 0.000000
vt 2.300000 -0.150000 0.000000
vt -2.300000 -0.150000 0.000000
vt -2.375000 -0.129904 0.000000
vt -2.429904 -0.075000 0.000000
vt -2.450000 0.000000 0.000000
vt -2.429904 0.075000 0.000000
vt -2.375000 0.129904 0.000000
vt -2.300000 0.150000 0.000000
vt 0.750000 -1.025000 0.000000
vt 0.750000 1.025000 0.000000
vt 0.550000 1.025000 0.000000
vt 0.550000 -1.025000 0.000000
vt 2.300000 0.075000 0.000000
vt 2.348209 0.057453 0.000000
vt 2.373861 0.013024 0.000000
vt 2.364952 -0.037500 0.000000
vt 2.325651 -0.070477 0.000000
vt 2.274348 -0.070477 0.000000
vt 2.235048 -0.037500 0.000000
vt 2.226139 0.013024 0.000000
vt 2.251791 0.057453 0.000000
vt -2.300000 0.075000 0.000000
vt -2.251791 0.057453 0.000000
vt -2.226139 0.013024 0.000000
vt -2.235048 -0.037500 0.000000
vt -2.274348 -0.070477 0.000000
vt -2.325651 -0.070477 0.000000
vt -2.364952 -0.037500 0.000000
vt -2.373861 0.013024 0.000000
vt -2.348209 0.057453 0.000000
vt -2.300000 -0.150000 0.000000
vt 2.300000 -0.150000 0.000000
vt 2.375000 -0.129904 0.000000
vt 2.429904 -0.075000 0.000000
vt 2.450000 0.000000 0.000000
vt 2.429904 0.075000 0.000000
vt 2.375000 0.129904 0.000000
vt 2.300000 0.150000 0.000000
vt -2.300000 0.150000 0.000000
vt -2.375000 0.129904 0.000000
vt -2.429904 0.075000 0.000000
vt -2.450000 0.000000 0.000000
vt -2.429904 -0.075000 0.000000
vt -2.375000 -0.129904 0.000000
vt -4.600000 0.000000 0.000000
vt -0.000000 0.000000 0.000000
vt -0.000000 0.200000 0.000000
vt -4.600000 0.200000 0.000000
vt 0.000000 0.471239 0.000000
vt 0.000000 0.392699 0.000000
vt 0.000000 0.314159 0.000000
vt 0.000000 0.235619 0.000000
vt 0.000000 0.157080 0.000000
vt 0.000000 0.078540 0.000000
vt 0.000000 0.000000 0.000000
vt 0.200000 0.000000 0.000000
vt 0.200000 0.078540 0.000000
vt 0.200000 0.157080 0.000000
vt 0.200000 0.235619 0.000000
vt 0.200000 0.314159 0.000000
vt 0.200000 0.392699 0.000000
vt 0.200000 0.471239 0.000000
vt -4.600000 0.000000 0.000000
vt -0.000000 0.000000 0.000000
vt -0.000000 0.200000 0.000000
vt -4.600000 0.200000 0.000000
vt 0.000000 0.471239 0.000000
vt 0.000000 0.392699 0.000000
vt 0.000000 0.314159 0.000000
vt 0.000000 0.235619 0.000000
vt 0.000000 0.157080 0.000000
vt 0.000000 0.078540 0.000000
vt 0.000000 0.000000 0.000000
vt 0.200000 0.000000 0.000000
vt 0.200000 0.078540 0.000000
vt 0.200000 0.157080 0.000000
vt 0.200000 0.235619 0.000000
vt 0.200000 0.314159 0.000000
vt 0.200000 0.392699 0.000000
vt 0.200000 0.471239 0.000000
vt -0.000000 0.075000 0.000000
vt -0.048209 0.057453 0.000000
vt -0.073861 0.013024 0.000000
vt -0.064952 -0.037500 0.000000
vt -0.025652 -0.070477 0.000000
vt 0.025652 -0.070477 0.000000
vt 0.064952 -0.037500 0.000000
vt 0.073861 0.013024 0.000000
vt 0.048209 0.057453 0.000000
vt 0.100000 -0.235619 0.000000
vt 0.100000 -0.183260 0.000000
vt 0.100000 -0.130900 0.000000
vt 0.100000 -0.078540 0.000000
vt 0.100000 -0.026180 0.000000
vt 0.100000 0.026180 0.000000
vt 0.100000 0.078540 0.000000
vt 0.100000 0.130900 0.000000
vt 0.100000 0.183260 0.000000
vt 0.000000 0.235619 0.000000
vt 0.000000 0.183260 0.000000
vt 0.000000 0.130900 0.000000
vt 0.000000 0.078540 0.000000
vt 0.000000 0.026180 0.000000
vt 0.000000 -0.026180 0.000000
vt 0.000000 -0.078540 0.000000
vt 0.000000 -0.130900 0.000000
vt 0.000000 -0.183260 0.000000
vt 0.000000 -0.235619 0.000000
vt 0.100000 0.235619 0.000000
vt -0.000000 0.075000 0.000000
vt -0.048209 0.057453 0.000000
vt -0.073861 0.013024 0.000000
vt -0.064952 -0.037500 0.000000
vt -0.025652 -0.070477 0.000000
vt 0.025652 -0.070477 0.000000
vt 0.064952 -0.037500 0.000000
vt 0.073861 0.013024 0.000000
vt 0.048209 0.057453 0.000000
vt 0.100000 -0.235619 0.000000
vt 0.100000 -0.183260 0.000000
vt 0.100000 -0.130900 0.000000
vt 0.100000 -0.078540 0.000000
vt 0.100000 -0.026180 0.000000
vt 0.100000 0.026180 0.000000
vt 0.100000 0.078540 0.000000
vt 0.100000 0.130900 0.000000
vt 0.100000 0.183260 0.000000
vt 0.000000 0.235619 0.000000
vt 0.000000 0.183260 0.000000
vt 0.000000 0.130900 0.000000
vt 0.000000 0.078540 0.000000
vt 0.000000 0.026180 0.000000
vt 0.000000 -0.026180 0.000000
vt 0.000000 -0.078540 0.000000
vt 0.000000 -0.130900 0.000000
vt 0.000000 -0.183260 0.000000
vt 0.000000 -0.235619 0.000000
vt 0.100000 0.235619 0.000000
vt 0.000000 0.000000 0.000000
vt -11.850000 0.000000 0.000000
vt -11.850000 -0.282843 0.000000
vt 0.000000 -0.282843 0.000000
vt -0.425000 -0.235619 0.000000
vt -0.425000 -0.117810 0.000000
vt -0.425000 0.000000 0.000000
vt -0.425000 0.117810 0.000000
vt -0.425000 0.235619 0.000000
vt -0.975000 0.235619 0.000000
vt -0.975000 0.117810 0.000000
vt -0.975000 0.000000 0.000000
vt -0.975000 -0.117810 0.000000
vt -0.975000 -0.235619 0.000000
vt 0.750000 1.025000 0.000000
vt 0.750000 -1.025000 0.000000
vt 1.300000 -1.025000 0.000000
vt 1.300000 1.025000 0.000000
vt 0.550000 -1.025000 0.000000
vt 0.550000 1.025000 0.000000
vt 0.000000 1.025000 0.000000
vt 0.000000 -1.025000 0.000000
vt 0.225000 -0.235619 0.000000
vt 0.225000 -0.117810 0.000000
vt 0.225000 0.000000 0.000000
vt 0.225000 0.117810 0.000000
vt 0.225000 0.235619 0.000000
vt -0.325000 0.235619 0.000000
vt -0.325000 0.117810 0.000000
vt -0.325000 0.000000 0.000000
vt -0.325000 -0.117810 0.000000
vt -0.325000 -0.235619 0.000000
vt 0.425000 0.235619 0.000000
vt 0.425000 0.117810 0.000000
vt 0.425000 0.000000 0.000000
vt 0.425000 -0.117810 0.000000
vt 0.425000 -0.235619 0.000000
vt 0.975000 -0.235619 0.000000
vt 0.975000 -0.117810 0.000000
vt 0.975000 0.000000 0.000000
vt 0.975000 0.117810 0.000000
vt 0.975000 0.235619 0.000000
vt -5.925000 -0.100000 0.000000
vt -2.529129 -0.100000 0.000000
vt -2.474545 -0.178980 0.000000
vt -2.394220 -0.231565 0.000000
vt -2.300000 -0.250000 0.000000
vt 2.300000 -0.250000 0.000000
vt 2.394220 -0.231565 0.000000
vt 2.474545 -0.178980 0.000000
vt 2.529129 -0.100000 0.000000
vt 5.925000 -0.100000 0.000000
vt 5.925000 0.100000 0.000000
vt 2.529129 0.100000 0.000000
vt 2.474545 0.178980 0.000000
vt 2.394220 0.231565 0.000000
vt 2.300000 0.250000 0.000000
vt -2.300000 0.250000 0.000000
vt -2.394220 0.231565 0.000000
vt -2.474545 0.178980 0.000000
vt -2.529129 0.100000 0.000000
vt -5.925000 0.100000 0.000000
vt 0.125000 -0.150000 0.000000
vt 0.112500 -0.146651 0.000000
vt 0.103349 -0.137500 0.000000
vt 0.100000 -0.125000 0.000000
vt 0.100000 0.125000 0.000000
vt 0.103349 0.137500 0.000000
vt 0.112500 0.146651 0.000000
vt 0.125000 0.150000 0.000000
vt 2.300000 0.150000 0.000000
vt 2.375000 0.129904 0.000000
vt 2.429904 0.075000 0.000000
vt 2.450000 0.000000 0.000000
vt 2.429904 -0.075000 0.000000
vt 2.375000 -0.129904 0.000000
vt 2.300000 -0.150000 0.000000
vt -0.100000 -0.125000 0.000000
vt -0.103349 -0.137500 0.000000
vt -0.112500 -0.146651 0.000000
vt -0.125000 -0.150000 0.000000
vt -2.300000 -0.150000 0.000000
vt -2.375000 -0.129904 0.000000
vt -2.429904 -0.075000 0.000000
vt -2.450000 0.000000 0.000000
vt -2.429904 0.075000 0.000000
vt -2.375000 0.129904 0.000000
vt -2.300000 0.150000 0.000000
vt -0.125000 0.150000 0.000000
vt -0.112500 0.146651 0.000000
vt -0.103349 0.137500 0.000000
vt -0.100000 0.125000 0.000000
vt 2.529129 0.100000 0.000000
vt 5.925000 0.100000 0.000000
vt 5.925000 0.650000 0.000000
vt -5.925000 0.650000 0.000000
vt -5.925000 0.100000 0.000000
vt -2.529129 0.100000 0.000000
vt -2.474545 0.178980 0.000000
vt -2.394220 0.231565 0.000000
vt -2.300000 0.250000 0.000000
vt 2.300000 0.250000 0.000000
vt 2.394220 0.231565 0.000000
vt 2.474545 0.178980 0.000000
vt -0.225000 -0.235619 0.000000
vt -0.225000 -0.117810 0.000000
vt -0.225000 0.000000 0.000000
vt -0.225000 0.117810 0.000000
vt -0.225000 0.235619 0.000000
vt -0.425000 0.235619 0.000000
vt -0.425000 0.117810 0.000000
vt -0.425000 0.000000 0.000000
vt -0.425000 -0.117810 0.000000
vt -0.425000 -0.235619 0.000000
vt -0.225000 0.235619 0.000000
vt -0.225000 0.117810 0.000000
vt -0.225000 0.000000 0.000000
vt -0.225000 -0.117810 0.000000
vt -0.225000 -0.235619 0.000000
vt 0.325000 -0.235619 0.000000
vt 0.325000 -0.117810 0.000000
vt 0.325000 0.000000 0.000000
vt 0.325000 0.117810 0.000000
vt 0.325000 0.235619 0.000000
vt 0.550000 1.025000 0.000000
vt 0.550000 -1.025000 0.000000
vt 0.750000 -1.025000 0.000000
vt 0.750000 1.025000 0.000000
vt 0.750000 1.025000 0.000000
vt 0.750000 -1.025000 0.000000
vt 1.300000 -1.025000 0.000000
vt 1.300000 1.025000 0.000000
vt 0.225000 0.235619 0.000000
vt 0.225000 0.117810 0.000000
vt 0.225000 0.000000 0.000000
vt 0.225000 -0.117810 0.000000
vt 0.225000 -0.235619 0.000000
vt 0.425000 -0.235619 0.000000
vt 0.425000 -0.117810 0.000000
vt 0.425000 0.000000 0.000000
vt 0.425000 0.117810 0.000000
vt 0.425000 0.235619 0.000000
vt -0.000000 -0.157080 0.000000
vt -0.000000 -0.078540 0.000000
vt -0.000000 0.000000 0.000000
vt -0.000000 0.078540 0.000000
vt -0.000000 0.157080 0.000000
vt -0.282843 0.157080 0.000000
vt -0.282843 0.052360 0.000000
vt -0.282843 -0.052360 0.000000
vt -0.282843 -0.157080 0.000000
vt 5.925000 -0.100000 0.000000
vt 2.529129 -0.100000 0.000000
vt 2.474545 -0.178980 0.000000
vt 2.394220 -0.231565 0.000000
vt 2.300000 -0.250000 0.000000
vt -2.300000 -0.250000 0.000000
vt -2.394220 -0.231565 0.000000
vt -2.474545 -0.178980 0.000000
vt -2.529129 -0.100000 0.000000
vt -5.925000 -0.100000 0.000000
vt -5.925000 -0.650000 0.000000
vt 5.925000 -0.650000 0.000000
vt -5.925000 0.100000 0.000000
vt -2.529129 0.100000 0.000000
vt -2.474545 0.178980 0.000000
vt -2.394220 0.231565 0.000000
vt -2.300000 0.250000 0.000000
vt 2.300000 0.250000 0.000000
vt 2.394220 0.231565 0.000000
vt 2.474545 0.178980 0.000000
vt 2.529129 0.100000 0.000000
vt 5.925000 0.100000 0.000000
vt 5.925000 0.650000 0.000000
vt -5.925000 0.650000 0.000000
vt 0.000000 0.000000 0.000000
vt 2.050000 0.000000 0.000000
vt 2.050000 0.025000 0.000000
vt 0.000000 0.025000 0.000000
vt -0.000000 -0.141372 0.000000
vt -0.000000 -0.094248 0.000000
vt -0.000000 -0.047124 0.000000
vt -0.000000 0.000000 0.000000
vt -0.025000 0.000000 0.000000
vt -0.025000 -0.047124 0.000000
vt -0.025000 -0.094248 0.000000
vt -0.025000 -0.141372 0.000000
vt 0.000000 0.000000 0.000000
vt 11.850000 0.000000 0.000000
vt 11.850000 0.025000 0.000000
vt 0.000000 0.025000 0.000000
vt -0.000000 -0.141372 0.000000
vt -0.000000 -0.094248 0.000000
vt -0.000000 -0.047124 0.000000
vt -0.000000 0.000000 0.000000
vt -0.025000 0.000000 0.000000
vt -0.025000 -0.047124 0.000000
vt -0.025000 -0.094248 0.000000
vt -0.025000 -0.141372 0.000000
vt 0.000000 0.000000 0.000000
vt 2.050000 0.000000 0.000000
vt 2.050000 0.025000 0.000000
vt 0.000000 0.025000 0.000000
vt -0.000000 -0.141372 0.000000
vt -0.000000 -0.094248 0.000000
vt -0.000000 -0.047124 0.000000
vt -0.000000 0.000000 0.000000
vt -0.025000 0.000000 0.000000
vt -0.025000 -0.047124 0.000000
vt -0.025000 -0.094248 0.000000
vt -0.025000 -0.141372 0.000000
vt 0.000000 0.000000 0.000000
vt 11.850000 0.000000 0.000000
vt 11.850000 0.025000 0.000000
vt 0.000000 0.025000 0.000000
vt -0.000000 -0.141372 0.000000
vt -0.000000 -0.094248 0.000000
vt -0.000000 -0.047124 0.000000
vt -0.000000 0.000000 0.000000
vt -0.025000 0.000000 0.000000
vt -0.025000 -0.047124 0.000000
vt -0.025000 -0.094248 0.000000
vt -0.025000 -0.141372 0.000000
vt -6.015000 -1.025000 0.000000
vt -6.015000 1.025000 0.000000
vt -6.002942 1.070000 0.000000
vt -5.970000 1.102942 0.000000
vt -5.925000 1.115000 0.000000
vt 5.925000 1.115000 0.000000
vt 5.970000 1.102942 0.000000
vt 6.002942 1.070000 0.000000
vt 6.015000 1.025000 0.000000
vt 6.015000 -1.025000 0.000000
vt 6.002942 -1.070000 0.000000
vt 5.970000 -1.102942 0.000000
vt 5.925000 -1.115000 0.000000
vt -5.925000 -1.115000 0.000000
vt -5.970000 -1.102942 0.000000
vt -6.002942 -1.070000 0.000000
vt 6.025000 1.025000 0.000000
vt 6.011602 1.075000 0.000000
vt 5.975000 1.111603 0.000000
vt 5.925000 1.125000 0.000000
vt -5.925000 1.125000 0.000000
vt -5.975000 1.111603 0.000000
vt -6.011602 1.075000 0.000000
vt -6.025000 1.025000 0.000000
vt -6.025000 -1.025000 0.000000
vt -6.011602 -1.075000 0.000000
vt -5.975000 -1.111603 0.000000
vt -5.925000 -1.125000 0.000000
vt 5.925000 -1.125000 0.000000
vt 5.975000 -1.111603 0.000000
vt 6.011602 -1.075000 0.000000
vt 6.025000 -1.025000 0.000000
vt -11.850000 0.000000 0.000000
vt -0.000000 0.000000 0.000000
vt -0.000000 0.025000 0.000000
vt -11.850000 0.025000 0.000000
vt 0.000000 0.000000 0.000000
vt 0.000000 -0.052360 0.000000
vt 0.000000 -0.104720 0.000000
vt 0.000000 -0.157080 0.000000
vt 0.025000 -0.157080 0.000000
vt 0.025000 -0.104720 0.000000
vt 0.025000 -0.052360 0.000000
vt 0.025000 0.000000 0.000000
vt -2.050000 0.000000 0.000000
vt -0.000000 0.000000 0.000000
vt -0.000000 0.025000 0.000000
vt -2.050000 0.025000 0.000000
vt 0.000000 0.000000 0.000000
vt 0.000000 -0.052360 0.000000
vt 0.000000 -0.104720 0.000000
vt 0.000000 -0.157080 0.000000
vt 0.025000 -0.157080 0.000000
vt 0.025000 -0.104720 0.000000
vt 0.025000 -0.052360 0.000000
vt 0.025000 0.000000 0.000000
vt 0.000000 0.000000 0.000000
vt 0.000000 -0.052360 0.000000
vt 0.000000 -0.104720 0.000000
vt 0.000000 -0.157080 0.000000
vt 0.025000 -0.157080 0.000000
vt 0.025000 -0.104720 0.000000
vt 0.025000 -0.052360 0.000000
vt 0.025000 0.000000 0.000000
vt -2.050000 0.000000 0.000000
vt -0.000000 0.000000 0.000000
vt -0.000000 0.025000 0.000000
vt -2.050000 0.025000 0.000000
vt -11.850000 0.000000 0.000000
vt -0.000000 0.000000 0.000000
vt -0.000000 0.025000 0.000000
vt -11.850000 0.025000 0.000000
vt 0.000000 0.000000 0.000000
vt 0.000000 -0.052360 0.000000
vt 0.000000 -0.104720 0.000000
vt 0.000000 -0.157080 0.000000
vt 0.025000 -0.157080 0.000000
vt 0.025000 -0.104720 0.000000
vt 0.025000 -0.052360 0.000000
vt 0.025000 0.000000 0.000000
vn 0.000000 0.100000 0.000000
vn 0.000000 0.100000 0.000000
vn 0.000000 0.100000 0.000000
vn 0.000000 0.100000 0.000000
vn 0.000000 0.100000 0.000000
vn 0.000000 0.100000 0.000000
vn 0.000000 0.100000 0.000000
vn 0.000000 0.100000 0.000000
vn 0.000000 0.100000 0.000000
vn 0.000000 0.100000 0.000000
vn 0.000000 0.100000 0.000000
vn 0.000000 0.100000 0.000000
vn 0.000000 0.100000 0.000000
vn 0.000000 0.100000 0.000000
vn 0.000000 0.100000 0.000000
vn 0.000000 0.100000 0.000000
vn 0.000000 0.100000 0.000000
vn 0.000000 0.100000 0.000000
vn 0.000000 0.100000 0.000000
vn 0.000000 0.100000 0.000000
vn 0.000000 0.100000 0.000000
vn 0.000000 0.100000 0.000000
vn 0.000000 0.100000 0.000000
vn 0.000000 0.100000 0.000000
vn 0.000000 0.000000 -0.100000
vn 0.000000 0.000000 -0.100000
vn 0.000000 0.000000 -0.100000
vn 0.000000 0.000000 -0.100000
vn 0.000000 0.000000 -0.100000
vn -0.050000 0.000000 -0.086603
vn -0.086603 0.000000 -0.050000
vn -0.100000 0.000000 0.000000
vn -0.100000 0.000000 0.000000
vn -0.086603 0.000000 -0.050000
vn -0.050000 0.000000 -0.086603
vn 0.000000 0.000000 -0.100000
vn -0.100000 0.000000 0.000000
vn -0.100000 0.000000 0.000000
vn -0.100000 0.000000 0.000000
vn -0.100000 0.000000 0.000000
vn -0.100000 0.000000 0.000000
vn -0.086603 0.000000 0.050000
vn -0.050000 0.000000 0.086603
vn 0.000000 0.000000 0.100000
vn 0.050000 0.000000 0.086603
vn 0.086603 0.000000 0.050000
vn 0.100000 0.000000 0.000000
vn 0.100000 0.000000 0.000000
vn 0.086603 0.000000 0.050000
vn 0.050000 0.000000 0.086603
vn 0.000000 0.000000 0.100000
vn -0.050000 0.000000 0.086603
vn -0.086603 0.000000 0.050000
vn -0.100000 0.000000 0.000000
vn 0.100000 0.000000 0.000000
vn 0.100000 0.000000 0.000000
vn 0.100000 0.000000 0.000000
vn 0.100000 0.000000 0.000000
vn 0.100000 0.000000 0.000000
vn 0.086603 0.000000 -0.050000
vn 0.050000 0.000000 -0.086603
vn 0.000000 0.000000 -0.100000
vn 0.000000 0.000000 -0.100000
vn 0.050000 0.000000 -0.086603
vn 0.086603 0.000000 -0.050000
vn 0.100000 0.000000 0.000000
vn 0.000000 0.100000 0.000000
vn 0.000000 0.100000 0.000000
vn 0.000000 0.100000 0.000000
vn 0.000000 0.100000 0.000000
vn 0.000000 0.100000 0.000000
vn 0.000000 0.100000 0.000000
vn 0.000000 0.100000 0.000000
vn 0.000000 0.100000 0.000000
vn 0.000000 0.100000 0.000000
vn -0.100000 0.000000 0.000000
vn -0.076604 0.000000 -0.064279
vn -0.017365 0.000000 -0.098481
vn 0.050000 0.000000 -0.086603
vn 0.093969 0.000000 -0.034202
vn 0.093969 0.000000 0.034202
vn 0.050000 0.000000 0.086603
vn -0.017365 0.000000 0.098481
vn -0.076604 0.000000 0.064279
vn -0.100000 0.000000 0.000000
vn -0.076604 0.000000 0.064279
vn -0.017365 0.000000 0.098481
vn 0.050000 0.000000 0.086603
vn 0.093969 0.000000 0.034202
vn 0.093969 0.000000 -0.034202
vn 0.050000 0.000000 -0.086603
vn -0.017365 0.000000 -0.098481
vn -0.076604 0.000000 -0.064279
vn -0.100000 0.000000 0.000000
vn -0.100000 0.000000 0.000000
vn 0.000000 0.100000 0.000000
vn 0.000000 0.100000 0.000000
vn 0.000000 0.100000 0.000000
vn 0.000000 0.100000 0.000000
vn 0.000000 0.100000 0.000000
vn 0.000000 0.100000 0.000000
vn 0.000000 0.100000 0.000000
vn 0.000000 0.100000 0.000000
vn 0.000000 0.100000 0.000000
vn -0.100000 0.000000 0.000000
vn -0.076604 0.000000 -0.064279
vn -0.017365 0.000000 -0.098481
vn 0.050000 0.000000 -0.086603
vn 0.093969 0.000000 -0.034202
vn 0.093969 0.000000 0.034202
vn 0.050000 0.000000 0.086603
vn -0.017365 0.000000 0.098481
vn -0.076604 0.000000 0.064279
vn -0.100000 0.000000 0.000000
vn -0.076604 0.000000 0.064279
vn -0.017365 0.000000 0.098481
vn 0.050000 0.000000 0.086603
vn 0.093969 0.000000 0.034202
vn 0.093969 0.000000 -0.034202
vn 0.050000 0.000000 -0.086603
vn -0.017365 0.000000 -0.098481
vn -0.076604 0.000000 -0.064279
vn -0.100000 0.000000 0.000000
vn -0.100000 0.000000 0.000000
vn 0.000000 0.100000 0.000000
vn 0.000000 0.100000 0.000000
vn 0.000000 0.100000 0.000000
vn 0.000000 0.100000 0.000000
vn 0.000000 0.100000 0.000000
vn 0.000000 0.100000 0.000000
vn 0.000000 0.100000 0.000000
vn 0.000000 0.100000 0.000000
vn 0.000000 0.100000 0.000000
vn 0.000000 0.100000 0.000000
vn 0.000000 0.100000 0.000000
vn 0.000000 0.100000 0.000000
vn 0.000000 0.100000 0.000000
vn 0.000000 0.100000 0.000000
vn 0.000000 0.100000 0.000000
vn 0.000000 0.100000 0.000000
vn 0.000000 0.100000 0.000000
vn 0.000000 0.100000 0.000000
vn 0.000000 0.100000 0.000000
vn 0.000000 0.100000 0.000000
vn 0.000000 0.100000 0.000000
vn 0.000000 0.100000 0.000000
vn 0.000000 0.100000 0.000000
vn 0.000000 0.100000 0.000000
vn 0.000000 0.000000 0.100000
vn 0.000000 0.000000 0.100000
vn 0.000000 0.000000 0.100000
vn 0.000000 0.000000 0.100000
vn -0.100000 0.000000 0.000000
vn -0.086603 0.000000 0.050000
vn -0.050000 0.000000 0.086603
vn 0.000000 0.000000 0.100000
vn 0.000000 0.000000 0.100000
vn -0.050000 0.000000 0.086603
vn -0.086603 0.000000 0.050000
vn -0.100000 0.000000 0.000000
vn -0.100000 0.000000 0.000000
vn -0.100000 0.000000 0.000000
vn -0.100000 0.000000 0.000000
vn -0.100000 0.000000 0.000000
vn 0.100000 0.000000 0.000000
vn 0.086603 0.000000 -0.050000
vn 0.050000 0.000000 -0.086603
vn 0.000000 0.000000 -0.100000
vn -0.050000 0.000000 -0.086603
vn -0.086603 0.000000 -0.050000
vn -0.100000 0.000000 0.000000
vn -0.100000 0.000000 0.000000
vn -0.086603 0.000000 -0.050000
vn -0.050000 0.000000 -0.086603
vn 0.000000 0.000000 -0.100000
vn 0.050000 0.000000 -0.086603
vn 0.086603 0.000000 -0.050000
vn 0.100000 0.000000 0.000000
vn 0.100000 0.000000 0.000000
vn 0.100000 0.000000 0.000000
vn 0.100000 0.000000 0.000000
vn 0.100000 0.000000 0.000000
vn 0.000000 0.000000 0.100000
vn 0.050000 0.000000 0.086603
vn 0.086603 0.000000 0.050000
vn 0.100000 0.000000 0.000000
vn 0.100000 0.000000 0.000000
vn 0.086603 0.000000 0.050000
vn 0.050000 0.000000 0.086603
vn 0.000000 0.000000 0.100000
vn 0.000000 0.000000 -0.100000
vn 0.000000 0.022252 -0.097493
vn 0.000000 0.043388 -0.090097
vn 0.000000 0.062349 -0.078183
vn 0.000000 0.078183 -0.062349
vn 0.000000 0.090097 -0.043388
vn 0.000000 0.097493 -0.022252
vn 0.000000 0.100000 0.000000
vn 0.000000 0.097493 0.022252
vn 0.000000 0.090097 0.043388
vn 0.000000 0.078183 0.062349
vn 0.000000 0.062349 0.078183
vn 0.000000 0.043388 0.090097
vn 0.000000 0.022252 0.097493
vn 0.000000 0.000000 0.100000
vn 0.000000 -0.022252 0.097493
vn 0.000000 -0.043388 0.090097
vn 0.000000 -0.062349 0.078183
vn 0.000000 -0.078183 0.062349
vn 0.000000 -0.090097 0.043388
vn 0.000000 -0.097493 0.022252
vn 0.000000 -0.100000 0.000000
vn 0.000000 -0.097493 -0.022252
vn 0.000000 -0.090097 -0.043388
vn 0.000000 -0.078183 -0.062349
vn 0.000000 -0.062349 -0.078183
vn 0.000000 -0.043388 -0.090097
vn 0.000000 -0.022252 -0.097493
vn 0.000000 0.000000 -0.100000
vn 0.000000 -0.022252 -0.097493
vn 0.000000 -0.043388 -0.090097
vn 0.000000 -0.062349 -0.078183
vn 0.000000 -0.078183 -0.062349
vn 0.000000 -0.090097 -0.043388
vn 0.000000 -0.097493 -0.022252
vn 0.000000 -0.100000 0.000000
vn 0.000000 -0.097493 0.022252
vn 0.000000 -0.090097 0.043388
vn 0.000000 -0.078183 0.062349
vn 0.000000 -0.062349 0.078183
vn 0.000000 -0.043388 0.090097
vn 0.000000 -0.022252 0.097493
vn 0.000000 0.000000 0.100000
vn 0.000000 0.022252 0.097493
vn 0.000000 0.043388 0.090097
vn 0.000000 0.062349 0.078183
vn 0.000000 0.078183 0.062349
vn 0.000000 0.090097 0.043388
vn 0.000000 0.097493 0.022252
vn 0.000000 0.100000 0.000000
vn 0.000000 0.097493 -0.022252
vn 0.000000 0.090097 -0.043388
vn 0.000000 0.078183 -0.062349
vn 0.000000 0.062349 -0.078183
vn 0.000000 0.043388 -0.090097
vn 0.000000 0.022252 -0.097493
vn 0.000000 0.000000 -0.100000
vn 0.000000 0.000000 -0.100000
vn 0.000000 0.000000 0.100000
vn 0.000000 0.026980 0.096292
vn 0.000000 0.051958 0.085442
vn 0.000000 0.073084 0.068255
vn 0.000000 0.088789 0.046007
vn 0.000000 0.097908 0.020346
vn 0.000000 0.099767 -0.006824
vn 0.000000 0.094226 -0.033488
vn 0.000000 0.081697 -0.057668
vn 0.000000 0.063109 -0.077571
vn 0.000000 0.039840 -0.091721
vn 0.000000 0.013617 -0.099069
vn 0.000000 -0.013617 -0.099069
vn 0.000000 -0.039840 -0.091721
vn 0.000000 -0.063109 -0.077571
vn 0.000000 -0.081697 -0.057668
vn 0.000000 -0.094226 -0.033488
vn 0.000000 -0.099767 -0.006824
vn 0.000000 -0.097908 0.020346
vn 0.000000 -0.088789 0.046007
vn 0.000000 -0.073084 0.068255
vn 0.000000 -0.051958 0.085442
vn 0.000000 -0.026980 0.096292
vn 0.000000 0.000000 -0.100000
vn 0.000000 0.026980 -0.096292
vn 0.000000 0.051958 -0.085442
vn 0.000000 0.073084 -0.068255
vn 0.000000 0.088789 -0.046007
vn 0.000000 0.097908 -0.020346
vn 0.000000 0.099767 0.006824
vn 0.000000 0.094226 0.033488
vn 0.000000 0.081697 0.057668
vn 0.000000 0.063109 0.077571
vn 0.000000 0.039840 0.091721
vn 0.000000 0.013617 0.099069
vn 0.000000 -0.013617 0.099069
vn 0.000000 -0.039840 0.091721
vn 0.000000 -0.063109 0.077571
vn 0.000000 -0.081697 0.057668
vn 0.000000 -0.094226 0.033488
vn 0.000000 -0.099767 0.006824
vn 0.000000 -0.097908 -0.020346
vn 0.000000 -0.088789 -0.046007
vn 0.000000 -0.073084 -0.068255
vn 0.000000 -0.051958 -0.085442
vn 0.000000 -0.026980 -0.096292
vn 0.000000 0.013617 0.099069
vn 0.000000 0.000000 0.100000
vn 0.000000 0.000000 0.100000
vn 0.000000 0.013617 0.099069
vn 0.000000 0.000000 -0.100000
vn 0.000000 0.022252 -0.097493
vn 0.000000 0.043388 -0.090097
vn 0.000000 0.062349 -0.078183
vn 0.000000 0.078183 -0.062349
vn 0.000000 0.090097 -0.043388
vn 0.000000 0.097493 -0.022252
vn 0.000000 0.100000 0.000000
vn 0.000000 0.097493 0.022252
vn 0.000000 0.090097 0.043388
vn 0.000000 0.078183 0.062349
vn 0.000000 0.062349 0.078183
vn 0.000000 0.043388 0.090097
vn 0.000000 0.022252 0.097493
vn 0.000000 0.000000 0.100000
vn 0.000000 -0.022252 0.097493
vn 0.000000 -0.043388 0.090097
vn 0.000000 -0.062349 0.078183
vn 0.000000 -0.078183 0.062349
vn 0.000000 -0.090097 0.043388
vn 0.000000 -0.097493 0.022252
vn 0.000000 -0.100000 0.000000
vn 0.000000 -0.097493 -0.022252
vn 0.000000 -0.090097 -0.043388
vn 0.000000 -0.078183 -0.062349
vn 0.000000 -0.062349 -0.078183
vn 0.000000 -0.043388 -0.090097
vn 0.000000 -0.022252 -0.097493
vn 0.000000 0.000000 -0.100000
vn 0.000000 -0.022252 -0.097493
vn 0.000000 -0.043388 -0.090097
vn 0.000000 -0.062349 -0.078183
vn 0.000000 -0.078183 -0.062349
vn 0.000000 -0.090097 -0.043388
vn 0.000000 -0.097493 -0.022252
vn 0.000000 -0.100000 0.000000
vn 0.000000 -0.097493 0.022252
vn 0.000000 -0.090097 0.043388
vn 0.000000 -0.078183 0.062349
vn 0.000000 -0.062349 0.078183
vn 0.000000 -0.043388 0.090097
vn 0.000000 -0.022252 0.097493
vn 0.000000 0.000000 0.100000
vn 0.000000 0.022252 0.097493
vn 0.000000 0.043388 0.090097
vn 0.000000 0.062349 0.078183
vn 0.000000 0.078183 0.062349
vn 0.000000 0.090097 0.043388
vn 0.000000 0.097493 0.022252
vn 0.000000 0.100000 0.000000
vn 0.000000 0.097493 -0.022252
vn 0.000000 0.090097 -0.043388
vn 0.000000 0.078183 -0.062349
vn 0.000000 0.062349 -0.078183
vn 0.000000 0.043388 -0.090097
vn 0.000000 0.022252 -0.097493
vn 0.000000 0.000000 -0.100000
vn 0.000000 0.000000 -0.100000
vn 0.100000 0.000000 0.000000
vn 0.100000 0.000000 0.000000
vn 0.100000 0.000000 0.000000
vn 0.100000 0.000000 0.000000
vn 0.100000 0.000000 0.000000
vn 0.100000 0.000000 0.000000
vn 0.100000 0.000000 0.000000
vn 0.100000 0.000000 0.000000
vn 0.100000 0.000000 0.000000
vn 0.100000 0.000000 0.000000
vn 0.100000 0.000000 0.000000
vn 0.100000 0.000000 0.000000
vn 0.100000 0.000000 0.000000
vn 0.100000 0.000000 0.000000
vn 0.100000 0.000000 0.000000
vn 0.100000 0.000000 0.000000
vn 0.100000 0.000000 0.000000
vn 0.100000 0.000000 0.000000
vn 0.100000 0.000000 0.000000
vn 0.100000 0.000000 0.000000
vn 0.100000 0.000000 0.000000
vn 0.100000 0.000000 0.000000
vn 0.100000 0.000000 0.000000
vn 0.100000 0.000000 0.000000
vn 0.100000 0.000000 0.000000
vn 0.100000 0.000000 0.000000
vn 0.100000 0.000000 0.000000
vn 0.100000 0.000000 0.000000
vn 0.100000 0.000000 0.000000
vn 0.100000 0.000000 0.000000
vn 0.100000 0.000000 0.000000
vn 0.100000 0.000000 0.000000
vn 0.100000 0.000000 0.000000
vn 0.100000 0.000000 0.000000
vn 0.100000 0.000000 0.000000
vn 0.100000 0.000000 0.000000
vn 0.100000 0.000000 0.000000
vn 0.100000 0.000000 0.000000
vn 0.100000 0.000000 0.000000
vn 0.100000 0.000000 0.000000
vn 0.100000 0.000000 0.000000
vn 0.100000 0.000000 0.000000
vn 0.100000 0.000000 0.000000
vn 0.100000 0.000000 0.000000
vn 0.000000 0.000000 -0.100000
vn 0.000000 -0.029476 -0.095557
vn 0.000000 -0.056332 -0.082624
vn 0.000000 -0.078183 -0.062349
vn 0.000000 -0.093087 -0.036534
vn 0.000000 -0.099720 -0.007473
vn 0.000000 -0.097493 0.022252
vn 0.000000 -0.086603 0.050000
vn 0.000000 -0.068017 0.073305
vn 0.000000 -0.043388 0.090097
vn 0.000000 -0.014904 0.098883
vn 0.000000 0.014904 0.098883
vn 0.000000 0.043388 0.090097
vn 0.000000 0.068017 0.073305
vn 0.000000 0.086603 0.050000
vn 0.000000 0.097493 0.022252
vn 0.000000 0.099720 -0.007473
vn 0.000000 0.093087 -0.036534
vn 0.000000 0.078183 -0.062349
vn 0.000000 0.056332 -0.082624
vn 0.000000 0.029476 -0.095557
vn 0.000000 0.000000 -0.100000
vn 0.000000 0.029476 -0.095557
vn 0.000000 0.056332 -0.082624
vn 0.000000 0.078183 -0.062349
vn 0.000000 0.093087 -0.036534
vn 0.000000 0.099720 -0.007473
vn 0.000000 0.097493 0.022252
vn 0.000000 0.086603 0.050000
vn 0.000000 0.068017 0.073305
vn 0.000000 0.043388 0.090097
vn 0.000000 0.014904 0.098883
vn 0.000000 -0.014904 0.098883
vn 0.000000 -0.043388 0.090097
vn 0.000000 -0.068017 0.073305
vn 0.000000 -0.086603 0.050000
vn 0.000000 -0.097493 0.022252
vn 0.000000 -0.099720 -0.007473
vn 0.000000 -0.093087 -0.036534
vn 0.000000 -0.078183 -0.062349
vn 0.000000 -0.056332 -0.082624
vn 0.000000 -0.029476 -0.095557
vn 0.000000 0.000000 -0.100000
vn 0.000000 0.000000 -0.100000
vn 0.100000 0.000000 0.000000
vn 0.100000 0.000000 0.000000
vn 0.100000 0.000000 0.000000
vn 0.100000 0.000000 0.000000
vn 0.100000 0.000000 0.000000
vn 0.100000 0.000000 0.000000
vn 0.100000 0.000000 0.000000
vn 0.100000 0.000000 0.000000
vn 0.100000 0.000000 0.000000
vn 0.100000 0.000000 0.000000
vn 0.100000 0.000000 0.000000
vn 0.100000 0.000000 0.000000
vn 0.100000 0.000000 0.000000
vn 0.100000 0.000000 0.000000
vn 0.100000 0.000000 0.000000
vn 0.100000 0.000000 0.000000
vn 0.100000 0.000000 0.000000
vn 0.100000 0.000000 0.000000
vn 0.100000 0.000000 0.000000
vn 0.100000 0.000000 0.000000
vn 0.100000 0.000000 0.000000
vn 0.000000 0.000000 -0.100000
vn 0.000000 -0.026980 -0.096292
vn 0.000000 -0.051958 -0.085442
vn 0.000000 -0.073084 -0.068255
vn 0.000000 -0.088789 -0.046007
vn 0.000000 -0.097908 -0.020346
vn 0.000000 -0.099767 0.006824
vn 0.000000 -0.094226 0.033488
vn 0.000000 -0.081697 0.057668
vn 0.000000 -0.063109 0.077571
vn 0.000000 -0.039840 0.091721
vn 0.000000 -0.013617 0.099069
vn 0.000000 0.013617 0.099069
vn 0.000000 0.039840 0.091721
vn 0.000000 0.063109 0.077571
vn 0.000000 0.081697 0.057668
vn 0.000000 0.094226 0.033488
vn 0.000000 0.099767 0.006824
vn 0.000000 0.097908 -0.020346
vn 0.000000 0.088789 -0.046007
vn 0.000000 0.073084 -0.068255
vn 0.000000 0.051958 -0.085442
vn 0.000000 0.026980 -0.096292
vn 0.000000 0.000000 0.100000
vn 0.000000 -0.026980 0.096292
vn 0.000000 -0.051958 0.085442
vn 0.000000 -0.073084 0.068255
vn 0.000000 -0.088789 0.046007
vn 0.000000 -0.097908 0.020346
vn 0.000000 -0.099767 -0.006824
vn 0.000000 -0.094226 -0.033488
vn 0.000000 -0.081697 -0.057668
vn 0.000000 -0.063109 -0.077571
vn 0.000000 -0.039840 -0.091721
vn 0.000000 -0.013617 -0.099069
vn 0.000000 0.013617 -0.099069
vn 0.000000 0.039840 -0.091721
vn 0.000000 0.063109 -0.077571
vn 0.000000 0.081697 -0.057668
vn 0.000000 0.094226 -0.033488
vn 0.000000 0.099767 -0.006824
vn 0.000000 0.097908 0.020346
vn 0.000000 0.088789 0.046007
vn 0.000000 0.073084 0.068255
vn 0.000000 0.051958 0.085442
vn 0.000000 0.026980 0.096292
vn 0.000000 -0.013617 -0.099069
vn 0.000000 0.000000 -0.100000
vn 0.000000 0.000000 -0.100000
vn 0.000000 -0.013617 -0.099069
vn 0.100000 0.000000 0.000000
vn 0.100000 0.000000 0.000000
vn 0.100000 0.000000 0.000000
vn 0.100000 0.000000 0.000000
vn 0.100000 0.000000 0.000000
vn 0.100000 0.000000 0.000000
vn 0.100000 0.000000 0.000000
vn 0.100000 0.000000 0.000000
vn 0.100000 0.000000 0.000000
vn 0.100000 0.000000 0.000000
vn 0.100000 0.000000 0.000000
vn 0.100000 0.000000 0.000000
vn 0.100000 0.000000 0.000000
vn 0.100000 0.000000 0.000000
vn 0.100000 0.000000 0.000000
vn 0.100000 0.000000 0.000000
vn 0.100000 0.000000 0.000000
vn 0.100000 0.000000 0.000000
vn 0.100000 0.000000 0.000000
vn 0.100000 0.000000 0.000000
vn 0.100000 0.000000 0.000000
vn 0.100000 0.000000 0.000000
vn 0.100000 0.000000 0.000000
vn 0.100000 0.000000 0.000000
vn 0.100000 0.000000 0.000000
vn 0.100000 0.000000 0.000000
vn 0.100000 0.000000 0.000000
vn 0.100000 0.000000 0.000000
vn 0.100000 0.000000 0.000000
vn 0.100000 0.000000 0.000000
vn 0.100000 0.000000 0.000000
vn 0.100000 0.000000 0.000000
vn 0.100000 0.000000 0.000000
vn 0.100000 0.000000 0.000000
vn 0.100000 0.000000 0.000000
vn 0.100000 0.000000 0.000000
vn 0.100000 0.000000 0.000000
vn 0.100000 0.000000 0.000000
vn 0.100000 0.000000 0.000000
vn 0.100000 0.000000 0.000000
vn 0.100000 0.000000 0.000000
vn 0.100000 0.000000 0.000000
vn 0.100000 0.000000 0.000000
vn 0.100000 0.000000 0.000000
vn 0.085166 0.000000 0.052410
vn 0.085166 -0.011662 0.051096
vn 0.085166 -0.022740 0.047220
vn 0.085166 -0.032677 0.040976
vn 0.085166 -0.040976 0.032677
vn 0.085166 -0.047220 0.022740
vn 0.085166 -0.051096 0.011662
vn 0.085166 -0.052410 0.000000
vn 0.085166 -0.051096 -0.011662
vn 0.085166 -0.047220 -0.022740
vn 0.085166 -0.040976 -0.032677
vn 0.085166 -0.032677 -0.040976
vn 0.085166 -0.022740 -0.047220
vn 0.085166 -0.011662 -0.051096
vn 0.085166 0.000000 -0.052410
vn 0.085166 0.011662 -0.051096
vn 0.085166 0.022740 -0.047220
vn 0.085166 0.032677 -0.040976
vn 0.085166 0.040976 -0.032677
vn 0.085166 0.047220 -0.022740
vn 0.085166 0.051096 -0.011662
vn 0.085166 0.052410 0.000000
vn 0.085166 0.051096 0.011662
vn 0.085166 0.047220 0.022740
vn 0.085166 0.040976 0.032677
vn 0.085166 0.032677 0.040976
vn 0.085166 0.022740 0.047220
vn 0.085166 0.011662 0.051096
vn 0.085166 0.000000 0.052410
vn 0.085166 0.014140 0.050466
vn 0.085166 0.027231 0.044780
vn 0.085166 0.038303 0.035772
vn 0.085166 0.046534 0.024112
vn 0.085166 0.051314 0.010663
vn 0.085166 0.052288 -0.003577
vn 0.085166 0.049384 -0.017551
vn 0.085166 0.042817 -0.030224
vn 0.085166 0.033075 -0.040655
vn 0.085166 0.020880 -0.048071
vn 0.085166 0.007136 -0.051922
vn 0.085166 -0.007136 -0.051922
vn 0.085166 -0.020880 -0.048071
vn 0.085166 -0.033075 -0.040655
vn 0.085166 -0.042817 -0.030224
vn 0.085166 -0.049384 -0.017551
vn 0.085166 -0.052288 -0.003577
vn 0.085166 -0.051314 0.010663
vn 0.085166 -0.046534 0.024112
vn 0.085166 -0.038303 0.035772
vn 0.085166 -0.027231 0.044780
vn 0.085166 -0.014140 0.050466
vn 0.085166 0.000000 -0.052410
vn 0.085166 0.000000 -0.052410
vn 0.085166 0.007136 -0.051922
vn 0.085166 0.007136 -0.051922
vn 0.000000 0.000000 0.100000
vn 0.000000 0.029476 0.095557
vn 0.000000 0.056332 0.082624
vn 0.000000 0.078183 0.062349
vn 0.000000 0.093087 0.036534
vn 0.000000 0.099720 0.007473
vn 0.000000 0.097493 -0.022252
vn 0.000000 0.086603 -0.050000
vn 0.000000 0.068017 -0.073305
vn 0.000000 0.043388 -0.090097
vn 0.000000 0.014904 -0.098883
vn 0.000000 -0.014904 -0.098883
vn 0.000000 -0.043388 -0.090097
vn 0.000000 -0.068017 -0.073305
vn 0.000000 -0.086603 -0.050000
vn 0.000000 -0.097493 -0.022252
vn 0.000000 -0.099720 0.007473
vn 0.000000 -0.093087 0.036534
vn 0.000000 -0.078183 0.062349
vn 0.000000 -0.056332 0.082624
vn 0.000000 -0.029476 0.095557
vn 0.000000 0.000000 0.100000
vn 0.000000 -0.029476 0.095557
vn 0.000000 -0.056332 0.082624
vn 0.000000 -0.078183 0.062349
vn 0.000000 -0.093087 0.036534
vn 0.000000 -0.099720 0.007473
vn 0.000000 -0.097493 -0.022252
vn 0.000000 -0.086603 -0.050000
vn 0.000000 -0.068017 -0.073305
vn 0.000000 -0.043388 -0.090097
vn 0.000000 -0.014904 -0.098883
vn 0.000000 0.014904 -0.098883
vn 0.000000 0.043388 -0.090097
vn 0.000000 0.068017 -0.073305
vn 0.000000 0.086603 -0.050000
vn 0.000000 0.097493 -0.022252
vn 0.000000 0.099720 0.007473
vn 0.000000 0.093087 0.036534
vn 0.000000 0.078183 0.062349
vn 0.000000 0.056332 0.082624
vn 0.000000 0.029476 0.095557
vn 0.000000 0.000000 0.100000
vn 0.000000 0.000000 0.100000
vn 0.100000 0.000000 0.000000
vn 0.100000 0.000000 0.000000
vn 0.100000 0.000000 0.000000
vn 0.100000 0.000000 0.000000
vn 0.100000 0.000000 0.000000
vn 0.100000 0.000000 0.000000
vn 0.100000 0.000000 0.000000
vn 0.100000 0.000000 0.000000
vn 0.100000 0.000000 0.000000
vn 0.100000 0.000000 0.000000
vn 0.100000 0.000000 0.000000
vn 0.100000 0.000000 0.000000
vn 0.100000 0.000000 0.000000
vn 0.100000 0.000000 0.000000
vn 0.100000 0.000000 0.000000
vn 0.100000 0.000000 0.000000
vn 0.100000 0.000000 0.000000
vn 0.100000 0.000000 0.000000
vn 0.100000 0.000000 0.000000
vn 0.100000 0.000000 0.000000
vn 0.100000 0.000000 0.000000
vn 0.100000 0.000000 0.000000
vn 0.100000 0.000000 0.000000
vn 0.100000 0.000000 0.000000
vn 0.100000 0.000000 0.000000
vn 0.100000 0.000000 0.000000
vn 0.100000 0.000000 0.000000
vn 0.100000 0.000000 0.000000
vn 0.100000 0.000000 0.000000
vn 0.100000 0.000000 0.000000
vn 0.100000 0.000000 0.000000
vn 0.100000 0.000000 0.000000
vn 0.100000 0.000000 0.000000
vn 0.100000 0.000000 0.000000
vn 0.100000 0.000000 0.000000
vn 0.100000 0.000000 0.000000
vn 0.100000 0.000000 0.000000
vn 0.100000 0.000000 0.000000
vn 0.100000 0.000000 0.000000
vn 0.100000 0.000000 0.000000
vn 0.100000 0.000000 0.000000
vn 0.100000 0.000000 0.000000
vn 0.100000 0.000000 0.000000
vn 0.100000 0.000000 0.000000
vn 0.100000 0.000000 0.000000
vn 0.100000 0.000000 0.000000
vn 0.100000 0.000000 0.000000
vn 0.100000 0.000000 0.000000
vn 0.100000 0.000000 0.000000
vn 0.100000 0.000000 0.000000
vn 0.100000 0.000000 0.000000
vn 0.100000 0.000000 0.000000
vn 0.100000 0.000000 0.000000
vn 0.100000 0.000000 0.000000
vn 0.100000 0.000000 0.000000
vn 0.100000 0.000000 0.000000
vn 0.100000 0.000000 0.000000
vn 0.100000 0.000000 0.000000
vn 0.100000 0.000000 0.000000
vn 0.100000 0.000000 0.000000
vn 0.100000 0.000000 0.000000
vn 0.100000 0.000000 0.000000
vn 0.100000 0.000000 0.000000
vn 0.100000 0.000000 0.000000
vn 0.100000 0.000000 0.000000
vn 0.100000 0.000000 0.000000
vn 0.100000 0.000000 0.000000
vn 0.100000 0.000000 0.000000
vn 0.100000 0.000000 0.000000
vn 0.100000 0.000000 0.000000
vn 0.100000 0.000000 0.000000
vn 0.100000 0.000000 0.000000
vn 0.100000 0.000000 0.000000
vn 0.100000 0.000000 0.000000
vn 0.100000 0.000000 0.000000
vn 0.100000 0.000000 0.000000
vn 0.100000 0.000000 0.000000
vn 0.000000 0.000000 -0.100000
vn 0.000000 -0.022252 -0.097493
vn 0.000000 -0.043388 -0.090097
vn 0.000000 -0.062349 -0.078183
vn 0.000000 -0.078183 -0.062349
vn 0.000000 -0.090097 -0.043388
vn 0.000000 -0.097493 -0.022252
vn 0.000000 -0.100000 0.000000
vn 0.000000 -0.097493 0.022252
vn 0.000000 -0.090097 0.043388
vn 0.000000 -0.078183 0.062349
vn 0.000000 -0.062349 0.078183
vn 0.000000 -0.043388 0.090097
vn 0.000000 -0.022252 0.097493
vn 0.000000 0.000000 0.100000
vn 0.000000 0.022252 0.097493
vn 0.000000 0.043388 0.090097
vn 0.000000 0.062349 0.078183
vn 0.000000 0.078183 0.062349
vn 0.000000 0.090097 0.043388
vn 0.000000 0.097493 0.022252
vn 0.000000 0.100000 0.000000
vn 0.000000 0.097493 -0.022252
vn 0.000000 0.090097 -0.043388
vn 0.000000 0.078183 -0.062349
vn 0.000000 0.062349 -0.078183
vn 0.000000 0.043388 -0.090097
vn 0.000000 0.022252 -0.097493
vn 0.000000 0.000000 -0.100000
vn 0.000000 0.022252 -0.097493
vn 0.000000 0.043388 -0.090097
vn 0.000000 0.062349 -0.078183
vn 0.000000 0.078183 -0.062349
vn 0.000000 0.090097 -0.043388
vn 0.000000 0.097493 -0.022252
vn 0.000000 0.100000 0.000000
vn 0.000000 0.097493 0.022252
vn 0.000000 0.090097 0.043388
vn 0.000000 0.078183 0.062349
vn 0.000000 0.062349 0.078183
vn 0.000000 0.043388 0.090097
vn 0.000000 0.022252 0.097493
vn 0.000000 0.000000 0.100000
vn 0.000000 -0.022252 0.097493
vn 0.000000 -0.043388 0.090097
vn 0.000000 -0.062349 0.078183
vn 0.000000 -0.078183 0.062349
vn 0.000000 -0.090097 0.043388
vn 0.000000 -0.097493 0.022252
vn 0.000000 -0.100000 0.000000
vn 0.000000 -0.097493 -0.022252
vn 0.000000 -0.090097 -0.043388
vn 0.000000 -0.078183 -0.062349
vn 0.000000 -0.062349 -0.078183
vn 0.000000 -0.043388 -0.090097
vn 0.000000 -0.022252 -0.097493
vn 0.000000 0.000000 -0.100000
vn 0.000000 0.000000 -0.100000
vn 0.000000 0.000000 -0.100000
vn 0.000000 -0.022252 -0.097493
vn 0.000000 -0.043388 -0.090097
vn 0.000000 -0.062349 -0.078183
vn 0.000000 -0.078183 -0.062349
vn 0.000000 -0.090097 -0.043388
vn 0.000000 -0.097493 -0.022252
vn 0.000000 -0.100000 0.000000
vn 0.000000 -0.097493 0.022252
vn 0.000000 -0.090097 0.043388
vn 0.000000 -0.078183 0.062349
vn 0.000000 -0.062349 0.078183
vn 0.000000 -0.043388 0.090097
vn 0.000000 -0.022252 0.097493
vn 0.000000 0.000000 0.100000
vn 0.000000 0.022252 0.097493
vn 0.000000 0.043388 0.090097
vn 0.000000 0.062349 0.078183
vn 0.000000 0.078183 0.062349
vn 0.000000 0.090097 0.043388
vn 0.000000 0.097493 0.022252
vn 0.000000 0.100000 0.000000
vn 0.000000 0.097493 -0.022252
vn 0.000000 0.090097 -0.043388
vn 0.000000 0.078183 -0.062349
vn 0.000000 0.062349 -0.078183
vn 0.000000 0.043388 -0.090097
vn 0.000000 0.022252 -0.097493
vn 0.000000 0.000000 -0.100000
vn 0.000000 0.022252 -0.097493
vn 0.000000 0.043388 -0.090097
vn 0.000000 0.062349 -0.078183
vn 0.000000 0.078183 -0.062349
vn 0.000000 0.090097 -0.043388
vn 0.000000 0.097493 -0.022252
vn 0.000000 0.100000 0.000000
vn 0.000000 0.097493 0.022252
vn 0.000000 0.090097 0.043388
vn 0.000000 0.078183 0.062349
vn 0.000000 0.062349 0.078183
vn 0.000000 0.043388 0.090097
vn 0.000000 0.022252 0.097493
vn 0.000000 0.000000 0.100000
vn 0.000000 -0.022252 0.097493
vn 0.000000 -0.043388 0.090097
vn 0.000000 -0.062349 0.078183
vn 0.000000 -0.078183 0.062349
vn 0.000000 -0.090097 0.043388
vn 0.000000 -0.097493 0.022252
vn 0.000000 -0.100000 0.000000
vn 0.000000 -0.097493 -0.022252
vn 0.000000 -0.090097 -0.043388
vn 0.000000 -0.078183 -0.062349
vn 0.000000 -0.062349 -0.078183
vn 0.000000 -0.043388 -0.090097
vn 0.000000 -0.022252 -0.097493
vn 0.000000 0.000000 -0.100000
vn 0.000000 0.000000 -0.100000
vn 0.100000 0.000000 0.000000
vn 0.100000 0.000000 0.000000
vn 0.100000 0.000000 0.000000
vn 0.100000 0.000000 0.000000
vn 0.100000 0.000000 0.000000
vn 0.100000 0.000000 0.000000
vn 0.100000 0.000000 0.000000
vn 0.100000 0.000000 0.000000
vn 0.100000 0.000000 0.000000
vn 0.100000 0.000000 0.000000
vn 0.100000 0.000000 0.000000
vn 0.100000 0.000000 0.000000
vn 0.100000 0.000000 0.000000
vn 0.100000 0.000000 0.000000
vn 0.100000 0.000000 0.000000
vn 0.100000 0.000000 0.000000
vn 0.100000 0.000000 0.000000
vn 0.100000 0.000000 0.000000
vn 0.100000 0.000000 0.000000
vn 0.100000 0.000000 0.000000
vn 0.100000 0.000000 0.000000
vn 0.100000 0.000000 0.000000
vn 0.100000 0.000000 0.000000
vn 0.100000 0.000000 0.000000
vn 0.100000 0.000000 0.000000
vn 0.100000 0.000000 0.000000
vn 0.100000 0.000000 0.000000
vn 0.100000 0.000000 0.000000
vn 0.100000 0.000000 0.000000
vn 0.100000 0.000000 0.000000
vn 0.100000 0.000000 0.000000
vn 0.100000 0.000000 0.000000
vn 0.100000 0.000000 0.000000
vn 0.100000 0.000000 0.000000
vn 0.100000 0.000000 0.000000
vn 0.100000 0.000000 0.000000
vn 0.100000 0.000000 0.000000
vn 0.100000 0.000000 0.000000
vn 0.100000 0.000000 0.000000
vn 0.100000 0.000000 0.000000
vn 0.100000 0.000000 0.000000
vn 0.100000 0.000000 0.000000
vn 0.100000 0.000000 0.000000
vn 0.100000 0.000000 0.000000
vn 0.100000 0.000000 0.000000
vn 0.100000 0.000000 0.000000
vn 0.100000 0.000000 0.000000
vn 0.100000 0.000000 0.000000
vn 0.100000 0.000000 0.000000
vn 0.100000 0.000000 0.000000
vn 0.100000 0.000000 0.000000
vn 0.100000 0.000000 0.000000
vn 0.100000 0.000000 0.000000
vn 0.100000 0.000000 0.000000
vn 0.100000 0.000000 0.000000
vn 0.100000 0.000000 0.000000
vn 0.085166 0.000000 -0.052410
vn 0.085166 0.011662 -0.051096
vn 0.085166 0.022740 -0.047220
vn 0.085166 0.032677 -0.040976
vn 0.085166 0.040976 -0.032677
vn 0.085166 0.047220 -0.022740
vn 0.085166 0.051096 -0.011662
vn 0.085166 0.052410 0.000000
vn 0.085166 0.051096 0.011662
vn 0.085166 0.047220 0.022740
vn 0.085166 0.040976 0.032677
vn 0.085166 0.032677 0.040976
vn 0.085166 0.022740 0.047220
vn 0.085166 0.011662 0.051096
vn 0.085166 0.000000 0.052410
vn 0.085166 -0.011662 0.051096
vn 0.085166 -0.022740 0.047220
vn 0.085166 -0.032677 0.040976
vn 0.085166 -0.040976 0.032677
vn 0.085166 -0.047220 0.022740
vn 0.085166 -0.051096 0.011662
vn 0.085166 -0.052410 0.000000
vn 0.085166 -0.051096 -0.011662
vn 0.085166 -0.047220 -0.022740
vn 0.085166 -0.040976 -0.032677
vn 0.085166 -0.032677 -0.040976
vn 0.085166 -0.022740 -0.047220
vn 0.085166 -0.011662 -0.051096
vn 0.085166 0.000000 -0.052410
vn 0.085166 -0.014140 -0.050466
vn 0.085166 -0.027231 -0.044780
vn 0.085166 -0.038303 -0.035772
vn 0.085166 -0.046534 -0.024112
vn 0.085166 -0.051314 -0.010663
vn 0.085166 -0.052288 0.003577
vn 0.085166 -0.049384 0.017551
vn 0.085166 -0.042817 0.030224
vn 0.085166 -0.033075 0.040655
vn 0.085166 -0.020880 0.048071
vn 0.085166 -0.007136 0.051922
vn 0.085166 0.007136 0.051922
vn 0.085166 0.020880 0.048071
vn 0.085166 0.033075 0.040655
vn 0.085166 0.042817 0.030224
vn 0.085166 0.049384 0.017551
vn 0.085166 0.052288 0.003577
vn 0.085166 0.051314 -0.010663
vn 0.085166 0.046534 -0.024112
vn 0.085166 0.038303 -0.035772
vn 0.085166 0.027231 -0.044780
vn 0.085166 0.014140 -0.050466
vn 0.085166 0.000000 0.052410
vn 0.085166 0.000000 0.052410
vn 0.085166 -0.007136 0.051922
vn 0.085166 -0.007136 0.051922
vn 0.000000 0.000000 -0.100000
vn 0.000000 -0.022252 -0.097493
vn 0.000000 -0.043388 -0.090097
vn 0.000000 -0.062349 -0.078183
vn 0.000000 -0.078183 -0.062349
vn 0.000000 -0.090097 -0.043388
vn 0.000000 -0.097493 -0.022252
vn 0.000000 -0.100000 0.000000
vn 0.000000 -0.097493 0.022252
vn 0.000000 -0.090097 0.043388
vn 0.000000 -0.078183 0.062349
vn 0.000000 -0.062349 0.078183
vn 0.000000 -0.043388 0.090097
vn 0.000000 -0.022252 0.097493
vn 0.000000 0.000000 0.100000
vn 0.000000 0.022252 0.097493
vn 0.000000 0.043388 0.090097
vn 0.000000 0.062349 0.078183
vn 0.000000 0.078183 0.062349
vn 0.000000 0.090097 0.043388
vn 0.000000 0.097493 0.022252
vn 0.000000 0.100000 0.000000
vn 0.000000 0.097493 -0.022252
vn 0.000000 0.090097 -0.043388
vn 0.000000 0.078183 -0.062349
vn 0.000000 0.062349 -0.078183
vn 0.000000 0.043388 -0.090097
vn 0.000000 0.022252 -0.097493
vn 0.000000 0.000000 -0.100000
vn 0.000000 0.022252 -0.097493
vn 0.000000 0.043388 -0.090097
vn 0.000000 0.062349 -0.078183
vn 0.000000 0.078183 -0.062349
vn 0.000000 0.090097 -0.043388
vn 0.000000 0.097493 -0.022252
vn 0.000000 0.100000 0.000000
vn 0.000000 0.097493 0.022252
vn 0.000000 0.090097 0.043388
vn 0.000000 0.078183 0.062349
vn 0.000000 0.062349 0.078183
vn 0.000000 0.043388 0.090097
vn 0.000000 0.022252 0.097493
vn 0.000000 0.000000 0.100000
vn 0.000000 -0.022252 0.097493
vn 0.000000 -0.043388 0.090097
vn 0.000000 -0.062349 0.078183
vn 0.000000 -0.078183 0.062349
vn 0.000000 -0.090097 0.043388
vn 0.000000 -0.097493 0.022252
vn 0.000000 -0.100000 0.000000
vn 0.000000 -0.097493 -0.022252
vn 0.000000 -0.090097 -0.043388
vn 0.000000 -0.078183 -0.062349
vn 0.000000 -0.062349 -0.078183
vn 0.000000 -0.043388 -0.090097
vn 0.000000 -0.022252 -0.097493
vn 0.000000 0.000000 -0.100000
vn 0.000000 0.000000 -0.100000
vn 0.000000 0.000000 -0.100000
vn 0.000000 -0.022252 -0.097493
vn 0.000000 -0.043388 -0.090097
vn 0.000000 -0.062349 -0.078183
vn 0.000000 -0.078183 -0.062349
vn 0.000000 -0.090097 -0.043388
vn 0.000000 -0.097493 -0.022252
vn 0.000000 -0.100000 0.000000
vn 0.000000 -0.097493 0.022252
vn 0.000000 -0.090097 0.043388
vn 0.000000 -0.078183 0.062349
vn 0.000000 -0.062349 0.078183
vn 0.000000 -0.043388 0.090097
vn 0.000000 -0.022252 0.097493
vn 0.000000 0.000000 0.100000
vn 0.000000 0.022252 0.097493
vn 0.000000 0.043388 0.090097
vn 0.000000 0.062349 0.078183
vn 0.000000 0.078183 0.062349
vn 0.000000 0.090097 0.043388
vn 0.000000 0.097493 0.022252
vn 0.000000 0.100000 0.000000
vn 0.000000 0.097493 -0.022252
vn 0.000000 0.090097 -0.043388
vn 0.000000 0.078183 -0.062349
vn 0.000000 0.062349 -0.078183
vn 0.000000 0.043388 -0.090097
vn 0.000000 0.022252 -0.097493
vn 0.000000 0.000000 -0.100000
vn 0.000000 0.022252 -0.097493
vn 0.000000 0.043388 -0.090097
vn 0.000000 0.062349 -0.078183
vn 0.000000 0.078183 -0.062349
vn 0.000000 0.090097 -0.043388
vn 0.000000 0.097493 -0.022252
vn 0.000000 0.100000 0.000000
vn 0.000000 0.097493 0.022252
vn 0.000000 0.090097 0.043388
vn 0.000000 0.078183 0.062349
vn 0.000000 0.062349 0.078183
vn 0.000000 0.043388 0.090097
vn 0.000000 0.022252 0.097493
vn 0.000000 0.000000 0.100000
vn 0.000000 -0.022252 0.097493
vn 0.000000 -0.043388 0.090097
vn 0.000000 -0.062349 0.078183
vn 0.000000 -0.078183 0.062349
vn 0.000000 -0.090097 0.043388
vn 0.000000 -0.097493 0.022252
vn 0.000000 -0.100000 0.000000
vn 0.000000 -0.097493 -0.022252
vn 0.000000 -0.090097 -0.043388
vn 0.000000 -0.078183 -0.062349
vn 0.000000 -0.062349 -0.078183
vn 0.000000 -0.043388 -0.090097
vn 0.000000 -0.022252 -0.097493
vn 0.000000 0.000000 -0.100000
vn 0.000000 0.000000 -0.100000
vn 0.000000 0.000000 -0.100000
vn 0.000000 -0.038268 -0.092388
vn 0.000000 -0.070711 -0.070711
vn 0.000000 -0.092388 -0.038268
vn 0.000000 -0.100000 0.000000
vn 0.000000 -0.100000 0.000000
vn 0.000000 -0.092388 -0.038268
vn 0.000000 -0.070711 -0.070711
vn 0.000000 -0.038268 -0.092388
vn 0.000000 0.000000 -0.100000
vn 0.000000 -0.100000 0.000000
vn 0.000000 -0.092388 -0.038268
vn 0.000000 -0.070711 -0.070711
vn 0.000000 -0.038268 -0.092388
vn 0.000000 0.000000 -0.100000
vn 0.000000 0.000000 -0.100000
vn 0.000000 -0.038268 -0.092388
vn 0.000000 -0.070711 -0.070711
vn 0.000000 -0.092388 -0.038268
vn 0.000000 -0.100000 0.000000
vn 0.070711 -0.070711 0.000000
vn 0.070711 -0.065328 -0.027060
vn 0.070711 -0.050000 -0.050000
vn 0.070711 -0.027060 -0.065328
vn 0.070711 0.000000 -0.070711
vn 0.070711 0.000000 -0.070711
vn 0.070711 -0.035355 -0.061237
vn 0.070711 -0.061237 -0.035355
vn 0.070711 -0.070711 0.000000
vn 0.070711 0.000000 -0.070711
vn 0.070711 0.000000 -0.070711
vn 0.070711 0.000000 -0.070711
vn 0.070711 0.000000 -0.070711
vn 0.070711 0.000000 -0.070711
vn 0.070711 0.027060 -0.065328
vn 0.070711 0.050000 -0.050000
vn 0.070711 0.065328 -0.027060
vn 0.070711 0.070711 0.000000
vn 0.070711 0.070711 0.000000
vn 0.070711 0.061237 -0.035355
vn 0.070711 0.035355 -0.061237
vn 0.070711 0.000000 -0.070711
vn 0.000000 0.100000 0.000000
vn 0.000000 0.092388 -0.038268
vn 0.000000 0.070711 -0.070711
vn 0.000000 0.038268 -0.092388
vn 0.000000 0.000000 -0.100000
vn 0.000000 0.000000 -0.100000
vn 0.000000 0.038268 -0.092388
vn 0.000000 0.070711 -0.070711
vn 0.000000 0.092388 -0.038268
vn 0.000000 0.100000 0.000000
vn 0.000000 0.000000 -0.100000
vn 0.000000 0.038268 -0.092388
vn 0.000000 0.070711 -0.070711
vn 0.000000 0.092388 -0.038268
vn 0.000000 0.100000 0.000000
vn 0.000000 0.100000 0.000000
vn 0.000000 0.092388 -0.038268
vn 0.000000 0.070711 -0.070711
vn 0.000000 0.038268 -0.092388
vn 0.000000 0.000000 -0.100000
vn 0.100000 0.000000 0.000000
vn 0.100000 0.000000 0.000000
vn 0.100000 0.000000 0.000000
vn 0.100000 0.000000 0.000000
vn 0.100000 0.000000 0.000000
vn 0.100000 0.000000 0.000000
vn 0.100000 0.000000 0.000000
vn 0.100000 0.000000 0.000000
vn 0.100000 0.000000 0.000000
vn 0.100000 0.000000 0.000000
vn 0.100000 0.000000 0.000000
vn 0.100000 0.000000 0.000000
vn 0.100000 0.000000 0.000000
vn 0.100000 0.000000 0.000000
vn 0.100000 0.000000 0.000000
vn 0.100000 0.000000 0.000000
vn 0.100000 0.000000 0.000000
vn 0.100000 0.000000 0.000000
vn 0.100000 0.000000 0.000000
vn 0.100000 0.000000 0.000000
vn 0.100000 0.000000 0.000000
vn 0.100000 0.000000 0.000000
vn 0.100000 0.000000 0.000000
vn 0.100000 0.000000 0.000000
vn 0.100000 0.000000 0.000000
vn 0.100000 0.000000 0.000000
vn 0.100000 0.000000 0.000000
vn 0.100000 0.000000 0.000000
vn 0.100000 0.000000 0.000000
vn 0.100000 0.000000 0.000000
vn 0.100000 0.000000 0.000000
vn 0.100000 0.000000 0.000000
vn 0.100000 0.000000 0.000000
vn 0.100000 0.000000 0.000000
vn 0.100000 0.000000 0.000000
vn 0.100000 0.000000 0.000000
vn 0.100000 0.000000 0.000000
vn 0.100000 0.000000 0.000000
vn 0.100000 0.000000 0.000000
vn 0.100000 0.000000 0.000000
vn 0.100000 0.000000 0.000000
vn 0.100000 0.000000 0.000000
vn 0.100000 0.000000 0.000000
vn 0.100000 0.000000 0.000000
vn 0.100000 0.000000 0.000000
vn 0.100000 0.000000 0.000000
vn 0.100000 0.000000 0.000000
vn 0.100000 0.000000 0.000000
vn 0.100000 0.000000 0.000000
vn 0.100000 0.000000 0.000000
vn 0.100000 0.000000 0.000000
vn 0.100000 0.000000 0.000000
vn 0.100000 0.000000 0.000000
vn 0.100000 0.000000 0.000000
vn 0.100000 0.000000 0.000000
vn 0.100000 0.000000 0.000000
vn 0.100000 0.000000 0.000000
vn 0.100000 0.000000 0.000000
vn 0.100000 0.000000 0.000000
vn 0.100000 0.000000 0.000000
vn 0.100000 0.000000 0.000000
vn 0.100000 0.000000 0.000000
vn 0.100000 0.000000 0.000000
vn 0.100000 0.000000 0.000000
vn 0.100000 0.000000 0.000000
vn 0.100000 0.000000 0.000000
vn 0.100000 0.000000 0.000000
vn 0.100000 0.000000 0.000000
vn 0.100000 0.000000 0.000000
vn 0.100000 0.000000 0.000000
vn 0.100000 0.000000 0.000000
vn 0.100000 0.000000 0.000000
vn 0.070711 0.000000 0.070711
vn 0.070711 0.000000 0.070711
vn 0.070711 0.000000 0.070711
vn 0.070711 0.000000 0.070711
vn 0.000000 0.000000 -0.100000
vn 0.000000 0.038268 -0.092388
vn 0.000000 0.070711 -0.070711
vn 0.000000 0.092388 -0.038268
vn 0.000000 0.100000 0.000000
vn 0.000000 0.100000 0.000000
vn 0.000000 0.092388 -0.038268
vn 0.000000 0.070711 -0.070711
vn 0.000000 0.038268 -0.092388
vn 0.000000 0.000000 -0.100000
vn -0.100000 0.000000 0.000000
vn -0.100000 0.000000 0.000000
vn -0.100000 0.000000 0.000000
vn -0.100000 0.000000 0.000000
vn -0.100000 0.000000 0.000000
vn -0.100000 0.000000 0.000000
vn -0.100000 0.000000 0.000000
vn -0.100000 0.000000 0.000000
vn -0.100000 0.000000 0.000000
vn -0.100000 0.000000 0.000000
vn -0.100000 0.000000 0.000000
vn -0.100000 0.000000 0.000000
vn -0.100000 0.000000 0.000000
vn -0.100000 0.000000 0.000000
vn -0.100000 0.000000 0.000000
vn -0.100000 0.000000 0.000000
vn -0.100000 0.000000 0.000000
vn -0.100000 0.000000 0.000000
vn -0.100000 0.000000 0.000000
vn -0.100000 0.000000 0.000000
vn 0.070711 0.070711 0.000000
vn 0.070711 0.065328 0.027060
vn 0.070711 0.050000 0.050000
vn 0.070711 0.027060 0.065328
vn 0.070711 0.000000 0.070711
vn 0.070711 0.000000 0.070711
vn 0.070711 0.035355 0.061237
vn 0.070711 0.061237 0.035355
vn 0.070711 0.070711 0.000000
vn 0.000000 0.100000 0.000000
vn 0.000000 0.100000 0.000000
vn 0.000000 0.100000 0.000000
vn 0.000000 0.100000 0.000000
vn 0.000000 0.100000 0.000000
vn 0.000000 0.100000 0.000000
vn 0.000000 0.100000 0.000000
vn 0.000000 0.100000 0.000000
vn 0.000000 0.100000 0.000000
vn 0.000000 0.100000 0.000000
vn 0.000000 0.100000 0.000000
vn 0.000000 0.100000 0.000000
vn 0.070711 -0.070711 0.000000
vn 0.070711 -0.070711 0.000000
vn 0.070711 -0.070711 0.000000
vn 0.070711 -0.070711 0.000000
vn 0.000000 0.000000 0.100000
vn 0.000000 0.000000 0.100000
vn 0.000000 0.000000 0.100000
vn 0.000000 0.000000 0.100000
vn 0.000000 -0.100000 0.000000
vn 0.000000 -0.092388 -0.038268
vn 0.000000 -0.070711 -0.070711
vn 0.000000 -0.038268 -0.092388
vn 0.000000 0.000000 -0.100000
vn 0.000000 0.000000 -0.100000
vn 0.000000 -0.038268 -0.092388
vn 0.000000 -0.070711 -0.070711
vn 0.000000 -0.092388 -0.038268
vn 0.000000 -0.100000 0.000000
vn 0.000000 -0.100000 0.000000
vn 0.000000 -0.100000 0.000000
vn 0.000000 -0.100000 0.000000
vn 0.000000 -0.100000 0.000000
vn 0.000000 -0.100000 0.000000
vn 0.000000 -0.100000 0.000000
vn 0.000000 -0.100000 0.000000
vn 0.000000 -0.100000 0.000000
vn 0.000000 -0.100000 0.000000
vn 0.000000 -0.100000 0.000000
vn 0.000000 -0.100000 0.000000
vn 0.000000 -0.100000 0.000000
vn 0.000000 -0.100000 0.000000
vn 0.000000 -0.100000 0.000000
vn 0.000000 -0.100000 0.000000
vn 0.000000 -0.100000 0.000000
vn 0.000000 -0.100000 0.000000
vn 0.000000 -0.100000 0.000000
vn 0.000000 -0.100000 0.000000
vn 0.000000 -0.100000 0.000000
vn 0.000000 -0.100000 0.000000
vn 0.000000 -0.100000 0.000000
vn 0.000000 -0.100000 0.000000
vn 0.000000 -0.100000 0.000000
vn 0.000000 -0.100000 0.000000
vn 0.000000 -0.100000 0.000000
vn 0.000000 -0.100000 0.000000
vn 0.000000 -0.100000 0.000000
vn 0.000000 -0.100000 0.000000
vn 0.000000 -0.100000 0.000000
vn 0.000000 -0.100000 0.000000
vn 0.000000 -0.100000 0.000000
vn 0.000000 -0.100000 0.000000
vn 0.000000 -0.100000 0.000000
vn 0.000000 0.000000 -0.100000
vn 0.000000 0.000000 -0.100000
vn 0.000000 0.000000 -0.100000
vn 0.000000 0.000000 -0.100000
vn 0.000000 -0.100000 0.000000
vn 0.000000 -0.100000 0.000000
vn 0.000000 -0.100000 0.000000
vn 0.000000 -0.100000 0.000000
vn 0.000000 -0.100000 0.000000
vn 0.000000 -0.100000 0.000000
vn 0.000000 -0.100000 0.000000
vn 0.000000 -0.100000 0.000000
vn 0.000000 -0.100000 0.000000
vn 0.000000 -0.100000 0.000000
vn 0.000000 -0.100000 0.000000
vn 0.000000 -0.100000 0.000000
vn 0.000000 -0.100000 0.000000
vn 0.000000 -0.100000 0.000000
vn 0.000000 -0.100000 0.000000
vn 0.000000 -0.100000 0.000000
vn 0.000000 -0.100000 0.000000
vn 0.000000 -0.100000 0.000000
vn 0.000000 -0.100000 0.000000
vn 0.000000 -0.100000 0.000000
vn 0.000000 -0.100000 0.000000
vn 0.000000 -0.100000 0.000000
vn 0.000000 -0.100000 0.000000
vn 0.000000 -0.100000 0.000000
vn 0.000000 -0.100000 0.000000
vn 0.000000 -0.100000 0.000000
vn 0.000000 -0.100000 0.000000
vn 0.000000 -0.100000 0.000000
vn 0.000000 -0.100000 0.000000
vn 0.000000 -0.100000 0.000000
vn 0.000000 -0.100000 0.000000
vn 0.000000 -0.100000 0.000000
vn 0.100000 0.000000 0.000000
vn 0.100000 0.000000 0.000000
vn 0.100000 0.000000 0.000000
vn 0.100000 0.000000 0.000000
vn -0.100000 0.000000 0.000000
vn -0.086603 0.000000 -0.050000
vn -0.050000 0.000000 -0.086603
vn 0.000000 0.000000 -0.100000
vn 0.050000 0.000000 -0.086603
vn 0.086603 0.000000 -0.050000
vn 0.100000 0.000000 0.000000
vn 0.100000 0.000000 0.000000
vn 0.086603 0.000000 -0.050000
vn 0.050000 0.000000 -0.086603
vn 0.000000 0.000000 -0.100000
vn -0.050000 0.000000 -0.086603
vn -0.086603 0.000000 -0.050000
vn -0.100000 0.000000 0.000000
vn -0.100000 0.000000 0.000000
vn -0.100000 0.000000 0.000000
vn -0.100000 0.000000 0.000000
vn -0.100000 0.000000 0.000000
vn 0.100000 0.000000 0.000000
vn 0.086603 0.000000 0.050000
vn 0.050000 0.000000 0.086603
vn 0.000000 0.000000 0.100000
vn -0.050000 0.000000 0.086603
vn -0.086603 0.000000 0.050000
vn -0.100000 0.000000 0.000000
vn -0.100000 0.000000 0.000000
vn -0.086603 0.000000 0.050000
vn -0.050000 0.000000 0.086603
vn 0.000000 0.000000 0.100000
vn 0.050000 0.000000 0.086603
vn 0.086603 0.000000 0.050000
vn 0.100000 0.000000 0.000000
vn 0.000000 -0.100000 0.000000
vn 0.000000 -0.100000 0.000000
vn 0.000000 -0.100000 0.000000
vn 0.000000 -0.100000 0.000000
vn 0.000000 -0.100000 0.000000
vn 0.000000 -0.100000 0.000000
vn 0.000000 -0.100000 0.000000
vn 0.000000 -0.100000 0.000000
vn 0.000000 -0.100000 0.000000
vn -0.100000 0.000000 0.000000
vn -0.076604 0.000000 0.064279
vn -0.017365 0.000000 0.098481
vn 0.050000 0.000000 0.086603
vn 0.093969 0.000000 0.034202
vn 0.093969 0.000000 -0.034202
vn 0.050000 0.000000 -0.086603
vn -0.017365 0.000000 -0.098481
vn -0.076604 0.000000 -0.064279
vn -0.100000 0.000000 0.000000
vn -0.076604 0.000000 -0.064279
vn -0.017365 0.000000 -0.098481
vn 0.050000 0.000000 -0.086603
vn 0.093969 0.000000 -0.034202
vn 0.093969 0.000000 0.034202
vn 0.050000 0.000000 0.086603
vn -0.017365 0.000000 0.098481
vn -0.076604 0.000000 0.064279
vn -0.100000 0.000000 0.000000
vn -0.100000 0.000000 0.000000
vn 0.000000 -0.100000 0.000000
vn 0.000000 -0.100000 0.000000
vn 0.000000 -0.100000 0.000000
vn 0.000000 -0.100000 0.000000
vn 0.000000 -0.100000 0.000000
vn 0.000000 -0.100000 0.000000
vn 0.000000 -0.100000 0.000000
vn 0.000000 -0.100000 0.000000
vn 0.000000 -0.100000 0.000000
vn -0.100000 0.000000 0.000000
vn -0.076604 0.000000 0.064279
vn -0.017365 0.000000 0.098481
vn 0.050000 0.000000 0.086603
vn 0.093969 0.000000 0.034202
vn 0.093969 0.000000 -0.034202
vn 0.050000 0.000000 -0.086603
vn -0.017365 0.000000 -0.098481
vn -0.076604 0.000000 -0.064279
vn -0.100000 0.000000 0.000000
vn -0.076604 0.000000 -0.064279
vn -0.017365 0.000000 -0.098481
vn 0.050000 0.000000 -0.086603
vn 0.093969 0.000000 -0.034202
vn 0.093969 0.000000 0.034202
vn 0.050000 0.000000 0.086603
vn -0.017365 0.000000 0.098481
vn -0.076604 0.000000 0.064279
vn -0.100000 0.000000 0.000000
vn -0.100000 0.000000 0.000000
vn 0.070711 0.070711 0.000000
vn 0.070711 0.070711 0.000000
vn 0.070711 0.070711 0.000000
vn 0.070711 0.070711 0.000000
vn 0.000000 0.100000 0.000000
vn 0.000000 0.092388 0.038268
vn 0.000000 0.070711 0.070711
vn 0.000000 0.038268 0.092388
vn 0.000000 0.000000 0.100000
vn 0.000000 0.000000 0.100000
vn 0.000000 0.038268 0.092388
vn 0.000000 0.070711 0.070711
vn 0.000000 0.092388 0.038268
vn 0.000000 0.100000 0.000000
vn 0.000000 0.000000 -0.100000
vn 0.000000 0.000000 -0.100000
vn 0.000000 0.000000 -0.100000
vn 0.000000 0.000000 -0.100000
vn 0.000000 0.000000 -0.100000
vn 0.000000 0.000000 -0.100000
vn 0.000000 0.000000 -0.100000
vn 0.000000 0.000000 -0.100000
vn 0.000000 -0.100000 0.000000
vn 0.000000 -0.092388 0.038268
vn 0.000000 -0.070711 0.070711
vn 0.000000 -0.038268 0.092388
vn 0.000000 0.000000 0.100000
vn 0.000000 0.000000 0.100000
vn 0.000000 -0.038268 0.092388
vn 0.000000 -0.070711 0.070711
vn 0.000000 -0.092388 0.038268
vn 0.000000 -0.100000 0.000000
vn 0.000000 0.000000 0.100000
vn 0.000000 -0.038268 0.092388
vn 0.000000 -0.070711 0.070711
vn 0.000000 -0.092388 0.038268
vn 0.000000 -0.100000 0.000000
vn 0.000000 -0.100000 0.000000
vn 0.000000 -0.092388 0.038268
vn 0.000000 -0.070711 0.070711
vn 0.000000 -0.038268 0.092388
vn 0.000000 0.000000 0.100000
vn 0.000000 0.100000 0.000000
vn 0.000000 0.100000 0.000000
vn 0.000000 0.100000 0.000000
vn 0.000000 0.100000 0.000000
vn 0.000000 0.100000 0.000000
vn 0.000000 0.100000 0.000000
vn 0.000000 0.100000 0.000000
vn 0.000000 0.100000 0.000000
vn 0.000000 0.100000 0.000000
vn 0.000000 0.100000 0.000000
vn 0.000000 0.100000 0.000000
vn 0.000000 0.100000 0.000000
vn 0.000000 0.100000 0.000000
vn 0.000000 0.100000 0.000000
vn 0.000000 0.100000 0.000000
vn 0.000000 0.100000 0.000000
vn 0.000000 0.100000 0.000000
vn 0.000000 0.100000 0.000000
vn 0.000000 0.100000 0.000000
vn 0.000000 0.100000 0.000000
vn 0.000000 0.100000 0.000000
vn 0.000000 0.100000 0.000000
vn 0.000000 0.100000 0.000000
vn 0.000000 0.100000 0.000000
vn 0.000000 0.100000 0.000000
vn 0.000000 0.100000 0.000000
vn 0.000000 0.100000 0.000000
vn 0.000000 0.100000 0.000000
vn 0.000000 0.100000 0.000000
vn 0.000000 0.100000 0.000000
vn 0.000000 0.100000 0.000000
vn 0.000000 0.100000 0.000000
vn 0.000000 0.100000 0.000000
vn 0.000000 0.100000 0.000000
vn 0.000000 0.100000 0.000000
vn 0.000000 0.100000 0.000000
vn 0.000000 0.100000 0.000000
vn 0.000000 0.100000 0.000000
vn 0.000000 0.100000 0.000000
vn 0.000000 0.100000 0.000000
vn 0.000000 0.100000 0.000000
vn 0.000000 0.100000 0.000000
vn 0.000000 0.100000 0.000000
vn 0.000000 0.100000 0.000000
vn 0.000000 0.100000 0.000000
vn 0.000000 0.100000 0.000000
vn 0.000000 0.100000 0.000000
vn 0.000000 0.100000 0.000000
vn 0.000000 0.100000 0.000000
vn 0.000000 0.100000 0.000000
vn 0.000000 0.100000 0.000000
vn 0.000000 0.100000 0.000000
vn 0.000000 0.100000 0.000000
vn 0.000000 0.100000 0.000000
vn 0.000000 0.100000 0.000000
vn 0.000000 0.100000 0.000000
vn 0.000000 0.100000 0.000000
vn 0.000000 0.100000 0.000000
vn 0.000000 0.100000 0.000000
vn 0.000000 0.100000 0.000000
vn 0.000000 0.100000 0.000000
vn 0.000000 0.100000 0.000000
vn 0.000000 0.100000 0.000000
vn 0.000000 0.092388 0.038268
vn 0.000000 0.070711 0.070711
vn 0.000000 0.038268 0.092388
vn 0.000000 0.000000 0.100000
vn 0.000000 0.000000 0.100000
vn 0.000000 0.038268 0.092388
vn 0.000000 0.070711 0.070711
vn 0.000000 0.092388 0.038268
vn 0.000000 0.100000 0.000000
vn 0.000000 0.000000 0.100000
vn 0.000000 0.038268 0.092388
vn 0.000000 0.070711 0.070711
vn 0.000000 0.092388 0.038268
vn 0.000000 0.100000 0.000000
vn 0.000000 0.100000 0.000000
vn 0.000000 0.092388 0.038268
vn 0.000000 0.070711 0.070711
vn 0.000000 0.038268 0.092388
vn 0.000000 0.000000 0.100000
vn 0.000000 0.000000 0.100000
vn 0.000000 0.000000 0.100000
vn 0.000000 0.000000 0.100000
vn 0.000000 0.000000 0.100000
vn 0.000000 0.000000 0.100000
vn 0.000000 0.000000 0.100000
vn 0.000000 0.000000 0.100000
vn 0.000000 0.000000 0.100000
vn 0.000000 0.000000 0.100000
vn 0.000000 -0.038268 0.092388
vn 0.000000 -0.070711 0.070711
vn 0.000000 -0.092388 0.038268
vn 0.000000 -0.100000 0.000000
vn 0.000000 -0.100000 0.000000
vn 0.000000 -0.092388 0.038268
vn 0.000000 -0.070711 0.070711
vn 0.000000 -0.038268 0.092388
vn 0.000000 0.000000 0.100000
vn 0.070711 0.000000 0.070711
vn 0.070711 -0.027060 0.065328
vn 0.070711 -0.050000 0.050000
vn 0.070711 -0.065328 0.027060
vn 0.070711 -0.070711 0.000000
vn 0.070711 -0.070711 0.000000
vn 0.070711 -0.061237 0.035355
vn 0.070711 -0.035355 0.061237
vn 0.070711 0.000000 0.070711
vn 0.000000 -0.100000 0.000000
vn 0.000000 -0.100000 0.000000
vn 0.000000 -0.100000 0.000000
vn 0.000000 -0.100000 0.000000
vn 0.000000 -0.100000 0.000000
vn 0.000000 -0.100000 0.000000
vn 0.000000 -0.100000 0.000000
vn 0.000000 -0.100000 0.000000
vn 0.000000 -0.100000 0.000000
vn 0.000000 -0.100000 0.000000
vn 0.000000 -0.100000 0.000000
vn 0.000000 -0.100000 0.000000
vn 0.000000 -0.100000 0.000000
vn 0.000000 -0.100000 0.000000
vn 0.000000 -0.100000 0.000000
vn 0.000000 -0.100000 0.000000
vn 0.000000 -0.100000 0.000000
vn 0.000000 -0.100000 0.000000
vn 0.000000 -0.100000 0.000000
vn 0.000000 -0.100000 0.000000
vn 0.000000 -0.100000 0.000000
vn 0.000000 -0.100000 0.000000
vn 0.000000 -0.100000 0.000000
vn 0.000000 -0.100000 0.000000
vn 0.000000 0.000000 0.100000
vn 0.000000 0.000000 0.100000
vn 0.000000 0.000000 0.100000
vn 0.000000 0.000000 0.100000
vn 0.000000 -0.100000 0.000000
vn 0.000000 -0.086603 0.050000
vn 0.000000 -0.050000 0.086603
vn 0.000000 0.000000 0.100000
vn 0.000000 0.000000 0.100000
vn 0.000000 -0.050000 0.086603
vn 0.000000 -0.086603 0.050000
vn 0.000000 -0.100000 0.000000
vn 0.000000 -0.100000 0.000000
vn 0.000000 -0.100000 0.000000
vn 0.000000 -0.100000 0.000000
vn 0.000000 -0.100000 0.000000
vn 0.000000 0.000000 -0.100000
vn 0.000000 -0.050000 -0.086603
vn 0.000000 -0.086603 -0.050000
vn 0.000000 -0.100000 0.000000
vn 0.000000 -0.100000 0.000000
vn 0.000000 -0.086603 -0.050000
vn 0.000000 -0.050000 -0.086603
vn 0.000000 0.000000 -0.100000
vn 0.000000 0.000000 -0.100000
vn 0.000000 0.000000 -0.100000
vn 0.000000 0.000000 -0.100000
vn 0.000000 0.000000 -0.100000
vn 0.000000 0.100000 0.000000
vn 0.000000 0.086603 -0.050000
vn 0.000000 0.050000 -0.086603
vn 0.000000 0.000000 -0.100000
vn 0.000000 0.000000 -0.100000
vn 0.000000 0.050000 -0.086603
vn 0.000000 0.086603 -0.050000
vn 0.000000 0.100000 0.000000
vn 0.000000 0.100000 0.000000
vn 0.000000 0.100000 0.000000
vn 0.000000 0.100000 0.000000
vn 0.000000 0.100000 0.000000
vn 0.000000 0.000000 0.100000
vn 0.000000 0.050000 0.086603
vn 0.000000 0.086603 0.050000
vn 0.000000 0.100000 0.000000
vn 0.000000 0.100000 0.000000
vn 0.000000 0.086603 0.050000
vn 0.000000 0.050000 0.086603
vn 0.000000 0.000000 0.100000
vn 0.100000 0.000000 0.000000
vn 0.100000 0.000000 0.000000
vn 0.100000 0.000000 0.000000
vn 0.100000 0.000000 0.000000
vn 0.100000 0.000000 0.000000
vn 0.100000 0.000000 0.000000
vn 0.100000 0.000000 0.000000
vn 0.100000 0.000000 0.000000
vn 0.100000 0.000000 0.000000
vn 0.100000 0.000000 0.000000
vn 0.100000 0.000000 0.000000
vn 0.100000 0.000000 0.000000
vn 0.100000 0.000000 0.000000
vn 0.100000 0.000000 0.000000
vn 0.100000 0.000000 0.000000
vn 0.100000 0.000000 0.000000
vn 0.100000 0.000000 0.000000
vn 0.100000 0.000000 0.000000
vn 0.100000 0.000000 0.000000
vn 0.100000 0.000000 0.000000
vn 0.100000 0.000000 0.000000
vn 0.100000 0.000000 0.000000
vn 0.100000 0.000000 0.000000
vn 0.100000 0.000000 0.000000
vn 0.100000 0.000000 0.000000
vn 0.100000 0.000000 0.000000
vn 0.100000 0.000000 0.000000
vn 0.100000 0.000000 0.000000
vn 0.100000 0.000000 0.000000
vn 0.100000 0.000000 0.000000
vn 0.100000 0.000000 0.000000
vn 0.100000 0.000000 0.000000
vn 0.000000 -0.100000 0.000000
vn 0.000000 -0.100000 0.000000
vn 0.000000 -0.100000 0.000000
vn 0.000000 -0.100000 0.000000
vn 0.000000 -0.100000 0.000000
vn 0.000000 -0.086603 -0.050000
vn 0.000000 -0.050000 -0.086603
vn 0.000000 0.000000 -0.100000
vn 0.000000 0.000000 -0.100000
vn 0.000000 -0.050000 -0.086603
vn 0.000000 -0.086603 -0.050000
vn 0.000000 -0.100000 0.000000
vn 0.000000 0.000000 -0.100000
vn 0.000000 0.000000 -0.100000
vn 0.000000 0.000000 -0.100000
vn 0.000000 0.000000 -0.100000
vn 0.000000 0.000000 0.100000
vn 0.000000 -0.050000 0.086603
vn 0.000000 -0.086603 0.050000
vn 0.000000 -0.100000 0.000000
vn 0.000000 -0.100000 0.000000
vn 0.000000 -0.086603 0.050000
vn 0.000000 -0.050000 0.086603
vn 0.000000 0.000000 0.100000
vn 0.000000 0.000000 -0.100000
vn 0.000000 0.050000 -0.086603
vn 0.000000 0.086603 -0.050000
vn 0.000000 0.100000 0.000000
vn 0.000000 0.100000 0.000000
vn 0.000000 0.086603 -0.050000
vn 0.000000 0.050000 -0.086603
vn 0.000000 0.000000 -0.100000
vn 0.000000 0.000000 0.100000
vn 0.000000 0.000000 0.100000
vn 0.000000 0.000000 0.100000
vn 0.000000 0.000000 0.100000
vn 0.000000 0.100000 0.000000
vn 0.000000 0.100000 0.000000
vn 0.000000 0.100000 0.000000
vn 0.000000 0.100000 0.000000
vn 0.000000 0.100000 0.000000
vn 0.000000 0.086603 0.050000
vn 0.000000 0.050000 0.086603
vn 0.000000 0.000000 0.100000
vn 0.000000 0.000000 0.100000
vn 0.000000 0.050000 0.086603
vn 0.000000 0.086603 0.050000
vn 0.000000 0.100000 0.000000
usemtl 176,176,176
f 166/2/2 233/15/15 180/1/1
f 180/1/1 233/15/15 217/16/16
f 180/1/1 217/16/16 165/9/9
f 165/9/9 217/16/16 179/17/17
f 165/9/9 179/17/17 149/8/8
f 149/8/8 179/17/17 133/18/18
f 149/8/8 133/18/18 125/7/7
f 125/7/7 133/18/18 93/19/19
f 125/7/7 93/19/19 109/6/6
f 109/6/6 93/19/19 57/20/20
f 109/6/6 57/20/20 37/21/21
f 233/15/15 166/2/2 234/14/14
f 234/14/14 166/2/2 150/3/3
f 234/14/14 150/3/3 38/22/22
f 38/22/22 150/3/3 126/4/4
f 38/22/22 126/4/4 37/21/21
f 37/21/21 126/4/4 110/5/5
f 37/21/21 110/5/5 109/6/6
f 49/24/24 61/10/10 38/22/22
f 38/22/22 61/10/10 209/11/11
f 38/22/22 209/11/11 234/14/14
f 234/14/14 209/11/11 221/12/12
f 234/14/14 221/12/12 225/13/13
f 38/22/22 45/23/23 49/24/24
f 63/25/25 211/26/26 61/28/28
f 61/28/28 211/26/26 209/27/27
f 209/36/36 211/29/29 221/35/35
f 221/35/35 211/29/29 223/30/30
f 221/35/35 223/30/30 225/34/34
f 225/34/34 223/30/30 227/31/31
f 225/34/34 227/31/31 238/32/32
f 238/32/32 234/33/33 225/34/34
f 238/37/37 237/38/38 234/40/40
f 234/40/40 237/38/38 233/39/39
f 233/54/54 237/41/41 217/53/53
f 217/53/53 237/41/41 219/42/42
f 217/53/53 219/42/42 183/43/43
f 217/53/53 183/43/43 179/52/52
f 179/52/52 183/43/43 135/44/44
f 179/52/52 135/44/44 133/51/51
f 133/51/51 135/44/44 95/45/45
f 133/51/51 95/45/45 93/50/50
f 93/50/50 95/45/45 59/46/46
f 93/50/50 59/46/46 57/49/49
f 57/49/49 59/46/46 41/47/47
f 57/49/49 41/47/47 37/48/48
f 41/55/55 42/56/56 37/58/58
f 37/58/58 42/56/56 38/57/57
f 38/66/66 42/59/59 45/65/65
f 45/65/65 42/59/59 47/60/60
f 45/65/65 47/60/60 49/64/64
f 49/64/64 47/60/60 51/61/61
f 49/64/64 51/61/61 63/62/62
f 63/62/62 61/63/63 49/64/64
f 177/67/67 161/68/68 162/75/75
f 162/75/75 161/68/68 146/74/74
f 146/74/74 161/68/68 145/69/69
f 146/74/74 145/69/69 122/73/73
f 122/73/73 145/69/69 121/70/70
f 122/73/73 121/70/70 106/72/72
f 106/72/72 121/70/70 105/71/71
f 162/77/77 166/93/93 177/76/76
f 177/76/76 166/93/93 180/94/94
f 177/95/95 180/85/85 161/84/84
f 161/84/84 180/85/85 165/86/86
f 161/84/84 165/86/86 145/83/83
f 145/83/83 165/86/86 149/87/87
f 145/83/83 149/87/87 121/82/82
f 121/82/82 149/87/87 125/88/88
f 121/82/82 125/88/88 105/81/81
f 105/81/81 125/88/88 109/89/89
f 105/81/81 109/89/89 106/80/80
f 106/80/80 109/89/89 110/90/90
f 106/80/80 110/90/90 122/79/79
f 122/79/79 110/90/90 126/91/91
f 122/79/79 126/91/91 146/78/78
f 146/78/78 126/91/91 150/92/92
f 146/78/78 150/92/92 162/77/77
f 162/77/77 150/92/92 166/93/93
f 178/96/96 163/97/97 164/104/104
f 164/104/104 163/97/97 148/103/103
f 148/103/103 163/97/97 147/98/98
f 148/103/103 147/98/98 124/102/102
f 124/102/102 147/98/98 123/99/99
f 124/102/102 123/99/99 108/101/101
f 108/101/101 123/99/99 107/100/100
f 164/106/106 168/122/122 178/105/105
f 178/105/105 168/122/122 181/123/123
f 178/124/124 181/114/114 163/113/113
f 163/113/113 181/114/114 167/115/115
f 163/113/113 167/115/115 147/112/112
f 147/112/112 167/115/115 151/116/116
f 147/112/112 151/116/116 123/111/111
f 123/111/111 151/116/116 127/117/117
f 123/111/111 127/117/117 107/110/110
f 107/110/110 127/117/117 111/118/118
f 107/110/110 111/118/118 108/109/109
f 108/109/109 111/118/118 112/119/119
f 108/109/109 112/119/119 124/108/108
f 124/108/108 112/119/119 128/120/120
f 124/108/108 128/120/120 148/107/107
f 148/107/107 128/120/120 152/121/121
f 148/107/107 152/121/121 164/106/106
f 164/106/106 152/121/121 168/122/122
f 168/126/126 218/144/144 181/125/125
f 181/125/125 218/144/144 236/145/145
f 181/125/125 236/145/145 167/133/133
f 167/133/133 236/145/145 235/146/146
f 167/133/133 235/146/146 151/132/132
f 151/132/132 235/146/146 39/138/138
f 151/132/132 39/138/138 127/131/131
f 127/131/131 39/138/138 40/139/139
f 127/131/131 40/139/139 111/130/130
f 111/130/130 40/139/139 112/129/129
f 112/129/129 40/139/139 58/140/140
f 112/129/129 58/140/140 94/141/141
f 218/144/144 168/126/126 182/143/143
f 182/143/143 168/126/126 152/127/127
f 182/143/143 152/127/127 134/142/142
f 134/142/142 152/127/127 128/128/128
f 134/142/142 128/128/128 94/141/141
f 94/141/141 128/128/128 112/129/129
f 222/148/148 210/134/134 235/146/146
f 235/146/146 210/134/134 62/135/135
f 235/146/146 62/135/135 39/138/138
f 39/138/138 62/135/135 50/136/136
f 39/138/138 50/136/136 46/137/137
f 235/146/146 226/147/147 222/148/148
f 212/149/149 64/150/150 210/152/152
f 210/152/152 64/150/150 62/151/151
f 239/153/153 228/154/154 235/160/160
f 235/160/160 228/154/154 226/159/159
f 226/159/159 228/154/154 222/158/158
f 222/158/158 228/154/154 224/155/155
f 222/158/158 224/155/155 210/157/157
f 210/157/157 224/155/155 212/156/156
f 240/161/161 239/162/162 236/164/164
f 236/164/164 239/162/162 235/163/163
f 44/165/165 60/166/166 40/178/178
f 40/178/178 60/166/166 58/177/177
f 58/177/177 60/166/166 96/167/167
f 58/177/177 96/167/167 94/176/176
f 94/176/176 96/167/167 136/168/168
f 94/176/176 136/168/168 134/175/175
f 134/175/175 136/168/168 184/169/169
f 134/175/175 184/169/169 182/174/174
f 182/174/174 184/169/169 220/170/170
f 182/174/174 220/170/170 218/173/173
f 218/173/173 220/170/170 236/172/172
f 236/172/172 220/170/170 240/171/171
f 43/179/179 44/180/180 39/182/182
f 39/182/182 44/180/180 40/181/181
f 64/183/183 52/184/184 62/190/190
f 62/190/190 52/184/184 50/189/189
f 50/189/189 52/184/184 46/188/188
f 46/188/188 52/184/184 48/185/185
f 46/188/188 48/185/185 39/187/187
f 39/187/187 48/185/185 43/186/186
usemtl 196,255,0
f 423/192/192 479/246/246 419/191/191
f 419/191/191 479/246/246 475/247/247
f 419/248/248 475/219/219 415/218/218
f 415/218/218 475/219/219 471/220/220
f 415/218/218 471/220/220 411/217/217
f 411/217/217 471/220/220 467/221/221
f 411/217/217 467/221/221 407/216/216
f 407/216/216 467/221/221 463/222/222
f 407/216/216 463/222/222 403/215/215
f 403/215/215 463/222/222 459/223/223
f 403/215/215 459/223/223 399/214/214
f 399/214/214 459/223/223 455/224/224
f 399/214/214 455/224/224 395/213/213
f 395/213/213 455/224/224 451/225/225
f 395/213/213 451/225/225 393/212/212
f 393/212/212 451/225/225 449/226/226
f 393/212/212 449/226/226 396/211/211
f 396/211/211 449/226/226 452/227/227
f 396/211/211 452/227/227 400/210/210
f 400/210/210 452/227/227 456/228/228
f 400/210/210 456/228/228 404/209/209
f 404/209/209 456/228/228 460/229/229
f 404/209/209 460/229/229 408/208/208
f 408/208/208 460/229/229 464/230/230
f 408/208/208 464/230/230 412/207/207
f 412/207/207 464/230/230 468/231/231
f 412/207/207 468/231/231 416/206/206
f 416/206/206 468/231/231 472/232/232
f 416/206/206 472/232/232 420/205/205
f 420/205/205 472/232/232 476/233/233
f 420/205/205 476/233/233 424/204/204
f 424/204/204 476/233/233 480/234/234
f 424/204/204 480/234/234 428/203/203
f 428/203/203 480/234/234 484/235/235
f 428/203/203 484/235/235 432/202/202
f 432/202/202 484/235/235 488/236/236
f 432/202/202 488/236/236 436/201/201
f 436/201/201 488/236/236 492/237/237
f 436/201/201 492/237/237 440/200/200
f 440/200/200 492/237/237 496/238/238
f 440/200/200 496/238/238 444/199/199
f 444/199/199 496/238/238 500/239/239
f 444/199/199 500/239/239 447/198/198
f 447/198/198 500/239/239 503/240/240
f 447/198/198 503/240/240 443/197/197
f 443/197/197 503/240/240 499/241/241
f 443/197/197 499/241/241 439/196/196
f 439/196/196 499/241/241 495/242/242
f 439/196/196 495/242/242 435/195/195
f 435/195/195 495/242/242 491/243/243
f 435/195/195 491/243/243 431/194/194
f 431/194/194 491/243/243 487/244/244
f 431/194/194 487/244/244 427/193/193
f 427/193/193 487/244/244 483/245/245
f 427/193/193 483/245/245 423/192/192
f 423/192/192 483/245/245 479/246/246
usemtl 10,10,10
f 582/250/250 656/295/295 591/249/249
f 591/296/296 656/283/283 660/284/284
f 591/297/297 660/284/284 600/271/271
f 600/271/271 660/284/284 664/285/285
f 600/271/271 664/285/285 608/270/270
f 608/270/270 664/285/285 668/286/286
f 608/270/270 668/286/286 616/269/269
f 616/269/269 668/286/286 672/287/287
f 616/269/269 672/287/287 628/268/268
f 628/268/268 672/287/287 676/288/288
f 628/268/268 676/288/288 632/267/267
f 632/267/267 676/288/288 680/289/289
f 632/267/267 680/289/289 634/266/266
f 634/266/266 680/289/289 678/290/290
f 634/266/266 678/290/290 630/265/265
f 630/265/265 678/290/290 674/291/291
f 630/265/265 674/291/291 622/264/264
f 622/264/264 674/291/291 670/292/292
f 622/264/264 670/292/292 612/263/263
f 612/263/263 670/292/292 666/293/293
f 612/263/263 666/293/293 604/262/262
f 604/262/262 666/293/293 662/294/294
f 604/262/262 662/294/294 596/261/261
f 596/261/261 662/294/294 658/272/272
f 596/261/261 658/272/272 586/260/260
f 586/260/260 658/272/272 654/273/273
f 586/260/260 654/273/273 578/259/259
f 578/259/259 654/273/273 650/274/274
f 578/259/259 650/274/274 570/258/258
f 570/258/258 650/274/274 646/275/275
f 570/258/258 646/275/275 560/257/257
f 560/257/257 646/275/275 642/276/276
f 560/257/257 642/276/276 552/256/256
f 552/256/256 642/276/276 638/277/277
f 552/256/256 638/277/277 548/255/255
f 548/255/255 638/277/277 636/278/278
f 548/255/255 636/278/278 550/254/254
f 550/254/254 636/278/278 640/279/279
f 550/254/254 640/279/279 554/253/253
f 554/253/253 640/279/279 644/280/280
f 554/253/253 644/280/280 566/252/252
f 566/252/252 644/280/280 648/281/281
f 566/252/252 648/281/281 574/251/251
f 574/251/251 648/281/281 652/282/282
f 574/251/251 652/282/282 582/250/250
f 582/250/250 652/282/282 656/298/298
usemtl 196,255,0
f 425/300/300 481/354/354 421/299/299
f 421/299/299 481/354/354 477/355/355
f 421/356/356 477/327/327 417/326/326
f 417/326/326 477/327/327 473/328/328
f 417/326/326 473/328/328 413/325/325
f 413/325/325 473/328/328 469/329/329
f 413/325/325 469/329/329 409/324/324
f 409/324/324 469/329/329 465/330/330
f 409/324/324 465/330/330 405/323/323
f 405/323/323 465/330/330 461/331/331
f 405/323/323 461/331/331 401/322/322
f 401/322/322 461/331/331 457/332/332
f 401/322/322 457/332/332 397/321/321
f 397/321/321 457/332/332 453/333/333
f 397/321/321 453/333/333 394/320/320
f 394/320/320 453/333/333 450/334/334
f 394/320/320 450/334/334 398/319/319
f 398/319/319 450/334/334 454/335/335
f 398/319/319 454/335/335 402/318/318
f 402/318/318 454/335/335 458/336/336
f 402/318/318 458/336/336 406/317/317
f 406/317/317 458/336/336 462/337/337
f 406/317/317 462/337/337 410/316/316
f 410/316/316 462/337/337 466/338/338
f 410/316/316 466/338/338 414/315/315
f 414/315/315 466/338/338 470/339/339
f 414/315/315 470/339/339 418/314/314
f 418/314/314 470/339/339 474/340/340
f 418/314/314 474/340/340 422/313/313
f 422/313/313 474/340/340 478/341/341
f 422/313/313 478/341/341 426/312/312
f 426/312/312 478/341/341 482/342/342
f 426/312/312 482/342/342 430/311/311
f 430/311/311 482/342/342 486/343/343
f 430/311/311 486/343/343 434/310/310
f 434/310/310 486/343/343 490/344/344
f 434/310/310 490/344/344 438/309/309
f 438/309/309 490/344/344 494/345/345
f 438/309/309 494/345/345 442/308/308
f 442/308/308 494/345/345 498/346/346
f 442/308/308 498/346/346 446/307/307
f 446/307/307 498/346/346 502/347/347
f 446/307/307 502/347/347 448/306/306
f 448/306/306 502/347/347 504/348/348
f 448/306/306 504/348/348 445/305/305
f 445/305/305 504/348/348 501/349/349
f 445/305/305 501/349/349 441/304/304
f 441/304/304 501/349/349 497/350/350
f 441/304/304 497/350/350 437/303/303
f 437/303/303 497/350/350 493/351/351
f 437/303/303 493/351/351 433/302/302
f 433/302/302 493/351/351 489/352/352
f 433/302/302 489/352/352 429/301/301
f 429/301/301 489/352/352 485/353/353
f 429/301/301 485/353/353 425/300/300
f 425/300/300 485/353/353 481/354/354
usemtl 10,10,10
f 584/358/358 582/400/400 592/357/357
f 592/357/357 582/400/400 591/378/378
f 592/357/357 591/378/378 600/379/379
f 582/400/400 584/358/358 574/399/399
f 574/399/399 584/358/358 576/359/359
f 574/399/399 576/359/359 566/398/398
f 566/398/398 576/359/359 568/360/360
f 566/398/398 568/360/360 554/397/397
f 554/397/397 568/360/360 562/361/361
f 554/397/397 562/361/361 550/396/396
f 550/396/396 562/361/361 556/362/362
f 550/396/396 556/362/362 548/395/395
f 548/395/395 556/362/362 558/363/363
f 548/395/395 558/363/363 552/394/394
f 552/394/394 558/363/363 564/364/364
f 552/394/394 564/364/364 560/393/393
f 560/393/393 564/364/364 572/365/365
f 560/393/393 572/365/365 570/392/392
f 570/392/392 572/365/365 580/366/366
f 570/392/392 580/366/366 578/391/391
f 578/391/391 580/366/366 588/367/367
f 578/391/391 588/367/367 586/390/390
f 586/390/390 588/367/367 594/368/368
f 586/390/390 594/368/368 596/389/389
f 596/389/389 594/368/368 604/388/388
f 604/388/388 594/368/368 602/369/369
f 604/388/388 602/369/369 612/387/387
f 612/387/387 602/369/369 610/370/370
f 612/387/387 610/370/370 622/386/386
f 622/386/386 610/370/370 618/371/371
f 622/386/386 618/371/371 630/385/385
f 630/385/385 618/371/371 624/372/372
f 630/385/385 624/372/372 634/384/384
f 634/384/384 624/372/372 626/373/373
f 634/384/384 626/373/373 632/383/383
f 632/383/383 626/373/373 620/374/374
f 632/383/383 620/374/374 628/382/382
f 628/382/382 620/374/374 614/375/375
f 628/382/382 614/375/375 616/381/381
f 616/381/381 614/375/375 606/376/376
f 616/381/381 606/376/376 608/380/380
f 608/380/380 606/376/376 598/377/377
f 608/380/380 598/377/377 600/379/379
f 600/379/379 598/377/377 592/357/357
usemtl 191,191,191
f 529/402/402 597/442/442 525/401/401
f 525/401/401 597/442/442 589/443/443
f 525/444/444 589/422/422 521/421/421
f 521/421/421 589/422/422 583/423/423
f 521/421/421 583/423/423 517/420/420
f 517/420/420 583/423/423 575/424/424
f 517/420/420 575/424/424 513/419/419
f 513/419/419 575/424/424 567/425/425
f 513/419/419 567/425/425 509/418/418
f 509/418/418 567/425/425 561/426/426
f 509/418/418 561/426/426 505/417/417
f 505/417/417 561/426/426 555/427/427
f 505/417/417 555/427/427 507/416/416
f 507/416/416 555/427/427 557/428/428
f 507/416/416 557/428/428 511/415/415
f 511/415/415 557/428/428 563/429/429
f 511/415/415 563/429/429 515/414/414
f 515/414/414 563/429/429 571/430/430
f 515/414/414 571/430/430 519/413/413
f 519/413/413 571/430/430 579/431/431
f 519/413/413 579/431/431 523/412/412
f 523/412/412 579/431/431 587/432/432
f 523/412/412 587/432/432 527/411/411
f 527/411/411 587/432/432 593/433/433
f 527/411/411 593/433/433 531/410/410
f 531/410/410 593/433/433 601/434/434
f 531/410/410 601/434/434 535/409/409
f 535/409/409 601/434/434 609/435/435
f 535/409/409 609/435/435 539/408/408
f 539/408/408 609/435/435 617/436/436
f 539/408/408 617/436/436 543/407/407
f 543/407/407 617/436/436 623/437/437
f 543/407/407 623/437/437 545/406/406
f 545/406/406 623/437/437 625/438/438
f 545/406/406 625/438/438 541/405/405
f 541/405/405 625/438/438 619/439/439
f 541/405/405 619/439/439 537/404/404
f 537/404/404 619/439/439 613/440/440
f 537/404/404 613/440/440 533/403/403
f 533/403/403 613/440/440 605/441/441
f 533/403/403 605/441/441 529/402/402
f 529/402/402 605/441/441 597/442/442
usemtl 242,242,255
f 521/446/446 523/455/455 525/445/445
f 525/445/445 523/455/455 527/456/456
f 525/445/445 527/456/456 529/465/465
f 529/465/465 527/456/456 531/457/457
f 529/465/465 531/457/457 533/464/464
f 533/464/464 531/457/457 535/458/458
f 533/464/464 535/458/458 537/463/463
f 537/463/463 535/458/458 539/459/459
f 537/463/463 539/459/459 541/462/462
f 541/462/462 539/459/459 543/460/460
f 541/462/462 543/460/460 545/461/461
f 523/455/455 521/446/446 519/454/454
f 519/454/454 521/446/446 517/447/447
f 519/454/454 517/447/447 515/453/453
f 515/453/453 517/447/447 513/448/448
f 515/453/453 513/448/448 511/452/452
f 511/452/452 513/448/448 509/449/449
f 511/452/452 509/449/449 507/451/451
f 507/451/451 509/449/449 505/450/450
usemtl 10,10,10
f 599/467/467 659/512/512 590/466/466
f 590/513/513 659/500/500 655/501/501
f 590/514/514 655/501/501 581/488/488
f 581/488/488 655/501/501 651/502/502
f 581/488/488 651/502/502 573/487/487
f 573/487/487 651/502/502 647/503/503
f 573/487/487 647/503/503 565/486/486
f 565/486/486 647/503/503 643/504/504
f 565/486/486 643/504/504 553/485/485
f 553/485/485 643/504/504 639/505/505
f 553/485/485 639/505/505 549/484/484
f 549/484/484 639/505/505 635/506/506
f 549/484/484 635/506/506 547/483/483
f 547/483/483 635/506/506 637/507/507
f 547/483/483 637/507/507 551/482/482
f 551/482/482 637/507/507 641/508/508
f 551/482/482 641/508/508 559/481/481
f 559/481/481 641/508/508 645/509/509
f 559/481/481 645/509/509 569/480/480
f 569/480/480 645/509/509 649/510/510
f 569/480/480 649/510/510 577/479/479
f 577/479/479 649/510/510 653/511/511
f 577/479/479 653/511/511 585/478/478
f 585/478/478 653/511/511 657/489/489
f 585/478/478 657/489/489 595/477/477
f 595/477/477 657/489/489 661/490/490
f 595/477/477 661/490/490 603/476/476
f 603/476/476 661/490/490 665/491/491
f 603/476/476 665/491/491 611/475/475
f 611/475/475 665/491/491 669/492/492
f 611/475/475 669/492/492 621/474/474
f 621/474/474 669/492/492 673/493/493
f 621/474/474 673/493/493 629/473/473
f 629/473/473 673/493/493 677/494/494
f 629/473/473 677/494/494 633/472/472
f 633/472/472 677/494/494 679/495/495
f 633/472/472 679/495/495 631/471/471
f 631/471/471 679/495/495 675/496/496
f 631/471/471 675/496/496 627/470/470
f 627/470/470 675/496/496 671/497/497
f 627/470/470 671/497/497 615/469/469
f 615/469/469 671/497/497 667/498/498
f 615/469/469 667/498/498 607/468/468
f 607/468/468 667/498/498 663/499/499
f 607/468/468 663/499/499 599/467/467
f 599/467/467 663/499/499 659/515/515
f 597/517/517 599/559/559 589/516/516
f 589/516/516 599/559/559 590/537/537
f 589/516/516 590/537/537 581/538/538
f 599/559/559 597/517/517 607/558/558
f 607/558/558 597/517/517 605/518/518
f 607/558/558 605/518/518 615/557/557
f 615/557/557 605/518/518 613/519/519
f 615/557/557 613/519/519 627/556/556
f 627/556/556 613/519/519 619/520/520
f 627/556/556 619/520/520 631/555/555
f 631/555/555 619/520/520 625/521/521
f 631/555/555 625/521/521 633/554/554
f 633/554/554 625/521/521 623/522/522
f 633/554/554 623/522/522 629/553/553
f 629/553/553 623/522/522 617/523/523
f 629/553/553 617/523/523 621/552/552
f 621/552/552 617/523/523 609/524/524
f 621/552/552 609/524/524 611/551/551
f 611/551/551 609/524/524 601/525/525
f 611/551/551 601/525/525 603/550/550
f 603/550/550 601/525/525 593/526/526
f 603/550/550 593/526/526 595/549/549
f 595/549/549 593/526/526 585/548/548
f 585/548/548 593/526/526 587/527/527
f 585/548/548 587/527/527 577/547/547
f 577/547/547 587/527/527 579/528/528
f 577/547/547 579/528/528 569/546/546
f 569/546/546 579/528/528 571/529/529
f 569/546/546 571/529/529 559/545/545
f 559/545/545 571/529/529 563/530/530
f 559/545/545 563/530/530 551/544/544
f 551/544/544 563/530/530 557/531/531
f 551/544/544 557/531/531 547/543/543
f 547/543/543 557/531/531 555/532/532
f 547/543/543 555/532/532 549/542/542
f 549/542/542 555/532/532 561/533/533
f 549/542/542 561/533/533 553/541/541
f 553/541/541 561/533/533 567/534/534
f 553/541/541 567/534/534 565/540/540
f 565/540/540 567/534/534 575/535/535
f 565/540/540 575/535/535 573/539/539
f 573/539/539 575/535/535 583/536/536
f 573/539/539 583/536/536 581/538/538
f 581/538/538 583/536/536 589/516/516
f 729/587/587 734/560/560 657/588/588
f 657/588/588 734/560/560 741/561/561
f 657/588/588 741/561/561 661/610/610
f 661/610/610 741/561/561 749/562/562
f 661/610/610 749/562/562 665/609/609
f 665/609/609 749/562/562 757/563/563
f 665/609/609 757/563/563 669/608/608
f 669/608/608 757/563/563 765/564/564
f 669/608/608 765/564/564 673/607/607
f 673/607/607 765/564/564 773/565/565
f 673/607/607 773/565/565 677/606/606
f 677/606/606 773/565/565 781/566/566
f 677/606/606 781/566/566 786/567/567
f 677/606/606 786/567/567 679/605/605
f 679/605/605 786/567/567 782/568/568
f 679/605/605 782/568/568 675/604/604
f 675/604/604 782/568/568 774/569/569
f 675/604/604 774/569/569 671/603/603
f 671/603/603 774/569/569 766/570/570
f 671/603/603 766/570/570 667/602/602
f 667/602/602 766/570/570 758/571/571
f 667/602/602 758/571/571 750/572/572
f 667/602/602 750/572/572 663/601/601
f 663/601/601 750/572/572 742/573/573
f 663/601/601 742/573/573 659/600/600
f 659/600/600 742/573/573 735/611/611
f 659/600/600 735/612/612 655/599/599
f 655/613/613 735/574/574 730/575/575
f 655/614/614 730/575/575 651/598/598
f 651/598/598 730/575/575 722/576/576
f 651/598/598 722/576/576 647/597/597
f 647/597/597 722/576/576 714/577/577
f 647/597/597 714/577/577 706/578/578
f 647/597/597 706/578/578 643/596/596
f 643/596/596 706/578/578 698/579/579
f 643/596/596 698/579/579 639/595/595
f 639/595/595 698/579/579 690/580/580
f 639/595/595 690/580/580 635/594/594
f 635/594/594 690/580/580 684/581/581
f 635/594/594 684/581/581 637/593/593
f 637/593/593 684/581/581 689/582/582
f 637/593/593 689/582/582 697/583/583
f 637/593/593 697/583/583 641/592/592
f 641/592/592 697/583/583 705/584/584
f 641/592/592 705/584/584 645/591/591
f 645/591/591 705/584/584 713/585/585
f 645/591/591 713/585/585 649/590/590
f 649/590/590 713/585/585 721/586/586
f 649/590/590 721/586/586 653/589/589
f 653/589/589 721/586/586 729/587/587
f 653/589/589 729/587/587 657/588/588
usemtl 191,191,191
f 522/616/616 584/656/656 526/615/615
f 526/615/615 584/656/656 592/657/657
f 526/658/658 592/636/636 530/635/635
f 530/635/635 592/636/636 598/637/637
f 530/635/635 598/637/637 534/634/634
f 534/634/634 598/637/637 606/638/638
f 534/634/634 606/638/638 538/633/633
f 538/633/633 606/638/638 614/639/639
f 538/633/633 614/639/639 542/632/632
f 542/632/632 614/639/639 620/640/640
f 542/632/632 620/640/640 546/631/631
f 546/631/631 620/640/640 626/641/641
f 546/631/631 626/641/641 544/630/630
f 544/630/630 626/641/641 624/642/642
f 544/630/630 624/642/642 540/629/629
f 540/629/629 624/642/642 618/643/643
f 540/629/629 618/643/643 536/628/628
f 536/628/628 618/643/643 610/644/644
f 536/628/628 610/644/644 532/627/627
f 532/627/627 610/644/644 602/645/645
f 532/627/627 602/645/645 528/626/626
f 528/626/626 602/645/645 594/646/646
f 528/626/626 594/646/646 524/625/625
f 524/625/625 594/646/646 588/647/647
f 524/625/625 588/647/647 520/624/624
f 520/624/624 588/647/647 580/648/648
f 520/624/624 580/648/648 516/623/623
f 516/623/623 580/648/648 572/649/649
f 516/623/623 572/649/649 512/622/622
f 512/622/622 572/649/649 564/650/650
f 512/622/622 564/650/650 508/621/621
f 508/621/621 564/650/650 558/651/651
f 508/621/621 558/651/651 506/620/620
f 506/620/620 558/651/651 556/652/652
f 506/620/620 556/652/652 510/619/619
f 510/619/619 556/652/652 562/653/653
f 510/619/619 562/653/653 514/618/618
f 514/618/618 562/653/653 568/654/654
f 514/618/618 568/654/654 518/617/617
f 518/617/617 568/654/654 576/655/655
f 518/617/617 576/655/655 522/616/616
f 522/616/616 576/655/655 584/656/656
usemtl 242,242,255
f 530/660/660 528/669/669 526/659/659
f 526/659/659 528/669/669 524/670/670
f 526/659/659 524/670/670 522/679/679
f 522/679/679 524/670/670 520/671/671
f 522/679/679 520/671/671 518/678/678
f 518/678/678 520/671/671 516/672/672
f 518/678/678 516/672/672 514/677/677
f 514/677/677 516/672/672 512/673/673
f 514/677/677 512/673/673 510/676/676
f 510/676/676 512/673/673 508/674/674
f 510/676/676 508/674/674 506/675/675
f 528/669/669 530/660/660 532/668/668
f 532/668/668 530/660/660 534/661/661
f 532/668/668 534/661/661 536/667/667
f 536/667/667 534/661/661 538/662/662
f 536/667/667 538/662/662 540/666/666
f 540/666/666 538/662/662 542/663/663
f 540/666/666 542/663/663 544/665/665
f 544/665/665 542/663/663 546/664/664
usemtl 10,10,10
f 729/681/681 725/735/735 734/680/680
f 734/680/680 725/735/735 733/708/708
f 734/680/680 733/708/708 741/707/707
f 741/707/707 733/708/708 745/709/709
f 741/707/707 745/709/709 749/706/706
f 749/706/706 745/709/709 753/710/710
f 749/706/706 753/710/710 757/705/705
f 757/705/705 753/710/710 761/711/711
f 757/705/705 761/711/711 765/704/704
f 765/704/704 761/711/711 769/712/712
f 765/704/704 769/712/712 773/703/703
f 773/703/703 769/712/712 777/713/713
f 773/703/703 777/713/713 781/702/702
f 781/702/702 777/713/713 785/714/714
f 781/702/702 785/714/714 786/701/701
f 786/701/701 785/714/714 791/715/715
f 786/701/701 791/715/715 787/716/716
f 729/681/681 721/682/682 725/735/735
f 725/735/735 721/682/682 717/734/734
f 717/734/734 721/682/682 713/683/683
f 717/734/734 713/683/683 709/733/733
f 709/733/733 713/683/683 705/684/684
f 709/733/733 705/684/684 701/732/732
f 701/732/732 705/684/684 697/685/685
f 701/732/732 697/685/685 693/731/731
f 693/731/731 697/685/685 689/686/686
f 693/731/731 689/686/686 683/730/730
f 683/730/730 689/686/686 684/687/687
f 683/730/730 684/687/687 681/729/729
f 681/729/729 684/687/687 685/728/728
f 685/728/728 684/687/687 690/688/688
f 685/728/728 690/688/688 694/727/727
f 694/727/727 690/688/688 698/689/689
f 694/727/727 698/689/689 702/726/726
f 702/726/726 698/689/689 706/690/690
f 702/726/726 706/690/690 710/725/725
f 710/725/725 706/690/690 714/691/691
f 710/725/725 714/691/691 718/724/724
f 718/724/724 714/691/691 722/692/692
f 718/724/724 722/692/692 726/723/723
f 726/723/723 722/692/692 730/693/693
f 726/723/723 730/693/693 736/722/722
f 736/722/722 730/693/693 735/694/694
f 736/722/722 735/694/694 742/695/695
f 736/722/722 742/695/695 746/721/721
f 746/721/721 742/695/695 750/696/696
f 746/721/721 750/696/696 754/720/720
f 754/720/720 750/696/696 758/697/697
f 754/720/720 758/697/697 762/719/719
f 762/719/719 758/697/697 766/698/698
f 762/719/719 766/698/698 770/718/718
f 770/718/718 766/698/698 774/699/699
f 770/718/718 774/699/699 778/717/717
f 778/717/717 774/699/699 782/700/700
f 778/717/717 782/700/700 787/716/716
f 787/716/716 782/700/700 786/701/701
f 725/737/737 471/791/791 733/736/736
f 733/736/736 471/791/791 475/792/792
f 733/793/793 475/764/764 745/763/763
f 745/763/763 475/764/764 479/765/765
f 745/763/763 479/765/765 753/762/762
f 753/762/762 479/765/765 483/766/766
f 753/762/762 483/766/766 761/761/761
f 761/761/761 483/766/766 487/767/767
f 761/761/761 487/767/767 769/760/760
f 769/760/760 487/767/767 491/768/768
f 769/760/760 491/768/768 777/759/759
f 777/759/759 491/768/768 495/769/769
f 777/759/759 495/769/769 785/758/758
f 785/758/758 495/769/769 499/770/770
f 785/758/758 499/770/770 791/757/757
f 791/757/757 499/770/770 503/771/771
f 791/757/757 503/771/771 787/756/756
f 787/756/756 503/771/771 500/772/772
f 787/756/756 500/772/772 778/755/755
f 778/755/755 500/772/772 496/773/773
f 778/755/755 496/773/773 770/754/754
f 770/754/754 496/773/773 492/774/774
f 770/754/754 492/774/774 762/753/753
f 762/753/753 492/774/774 488/775/775
f 762/753/753 488/775/775 754/752/752
f 754/752/752 488/775/775 484/776/776
f 754/752/752 484/776/776 746/751/751
f 746/751/751 484/776/776 480/777/777
f 746/751/751 480/777/777 736/750/750
f 736/750/750 480/777/777 476/778/778
f 736/750/750 476/778/778 726/749/749
f 726/749/749 476/778/778 472/779/779
f 726/749/749 472/779/779 718/748/748
f 718/748/748 472/779/779 468/780/780
f 718/748/748 468/780/780 710/747/747
f 710/747/747 468/780/780 464/781/781
f 710/747/747 464/781/781 702/746/746
f 702/746/746 464/781/781 460/782/782
f 702/746/746 460/782/782 694/745/745
f 694/745/745 460/782/782 456/783/783
f 694/745/745 456/783/783 685/744/744
f 685/744/744 456/783/783 452/784/784
f 685/744/744 452/784/784 681/743/743
f 681/743/743 452/784/784 449/785/785
f 681/743/743 449/785/785 683/742/742
f 683/742/742 449/785/785 451/786/786
f 683/742/742 451/786/786 693/741/741
f 693/741/741 451/786/786 455/787/787
f 693/741/741 455/787/787 701/740/740
f 701/740/740 455/787/787 459/788/788
f 701/740/740 459/788/788 709/739/739
f 709/739/739 459/788/788 463/789/789
f 709/739/739 463/789/789 717/738/738
f 717/738/738 463/789/789 467/790/790
f 717/738/738 467/790/790 725/737/737
f 725/737/737 467/790/790 471/791/791
f 415/795/795 343/849/849 419/794/794
f 419/794/794 343/849/849 347/850/850
f 419/851/851 347/822/822 423/821/821
f 423/821/821 347/822/822 351/823/823
f 423/821/821 351/823/823 427/820/820
f 427/820/820 351/823/823 355/824/824
f 427/820/820 355/824/824 431/819/819
f 431/819/819 355/824/824 359/825/825
f 431/819/819 359/825/825 435/818/818
f 435/818/818 359/825/825 363/826/826
f 435/818/818 363/826/826 439/817/817
f 439/817/817 363/826/826 367/827/827
f 439/817/817 367/827/827 443/816/816
f 443/816/816 367/827/827 371/828/828
f 443/816/816 371/828/828 447/815/815
f 447/815/815 371/828/828 375/829/829
f 447/815/815 375/829/829 444/814/814
f 444/814/814 375/829/829 372/830/830
f 444/814/814 372/830/830 440/813/813
f 440/813/813 372/830/830 368/831/831
f 440/813/813 368/831/831 436/812/812
f 436/812/812 368/831/831 364/832/832
f 436/812/812 364/832/832 432/811/811
f 432/811/811 364/832/832 360/833/833
f 432/811/811 360/833/833 428/810/810
f 428/810/810 360/833/833 356/834/834
f 428/810/810 356/834/834 424/809/809
f 424/809/809 356/834/834 352/835/835
f 424/809/809 352/835/835 420/808/808
f 420/808/808 352/835/835 348/836/836
f 420/808/808 348/836/836 416/807/807
f 416/807/807 348/836/836 344/837/837
f 416/807/807 344/837/837 412/806/806
f 412/806/806 344/837/837 340/838/838
f 412/806/806 340/838/838 408/805/805
f 408/805/805 340/838/838 336/839/839
f 408/805/805 336/839/839 404/804/804
f 404/804/804 336/839/839 332/840/840
f 404/804/804 332/840/840 400/803/803
f 400/803/803 332/840/840 328/841/841
f 400/803/803 328/841/841 396/802/802
f 396/802/802 328/841/841 324/842/842
f 396/802/802 324/842/842 393/801/801
f 393/801/801 324/842/842 321/843/843
f 393/801/801 321/843/843 395/800/800
f 395/800/800 321/843/843 323/844/844
f 395/800/800 323/844/844 399/799/799
f 399/799/799 323/844/844 327/845/845
f 399/799/799 327/845/845 403/798/798
f 403/798/798 327/845/845 331/846/846
f 403/798/798 331/846/846 407/797/797
f 407/797/797 331/846/846 335/847/847
f 407/797/797 335/847/847 411/796/796
f 411/796/796 335/847/847 339/848/848
f 411/796/796 339/848/848 415/795/795
f 415/795/795 339/848/848 343/849/849
f 732/879/879 739/852/852 740/894/894
f 740/894/894 739/852/852 744/853/853
f 740/894/894 744/853/853 748/893/893
f 748/893/893 744/853/853 752/854/854
f 748/893/893 752/854/854 756/892/892
f 756/892/892 752/854/854 760/855/855
f 756/892/892 760/855/855 764/891/891
f 764/891/891 760/855/855 768/856/856
f 764/891/891 768/856/856 772/890/890
f 772/890/890 768/856/856 776/857/857
f 772/890/890 776/857/857 780/889/889
f 780/889/889 776/857/857 784/858/858
f 780/889/889 784/858/858 790/888/888
f 790/888/888 784/858/858 789/859/859
f 790/888/888 789/859/859 792/887/887
f 792/887/887 789/859/859 788/886/886
f 788/886/886 789/859/859 783/860/860
f 788/886/886 783/860/860 779/885/885
f 779/885/885 783/860/860 775/861/861
f 779/885/885 775/861/861 771/884/884
f 771/884/884 775/861/861 767/862/862
f 771/884/884 767/862/862 763/883/883
f 763/883/883 767/862/862 759/863/863
f 763/883/883 759/863/863 755/882/882
f 755/882/882 759/863/863 751/864/864
f 755/882/882 751/864/864 747/881/881
f 747/881/881 751/864/864 743/865/865
f 747/881/881 743/865/865 737/880/880
f 737/880/880 743/865/865 738/866/866
f 737/880/880 738/866/866 727/907/907
f 727/907/907 738/866/866 731/867/867
f 727/907/907 731/867/867 723/868/868
f 727/907/907 723/868/868 719/906/906
f 719/906/906 723/868/868 715/869/869
f 719/906/906 715/869/869 711/905/905
f 711/905/905 715/869/869 707/870/870
f 711/905/905 707/870/870 703/904/904
f 703/904/904 707/870/870 699/871/871
f 703/904/904 699/871/871 695/903/903
f 695/903/903 699/871/871 691/872/872
f 695/903/903 691/872/872 686/902/902
f 686/902/902 691/872/872 687/873/873
f 686/902/902 687/873/873 682/901/901
f 682/901/901 687/873/873 688/900/900
f 688/900/900 687/873/873 692/874/874
f 688/900/900 692/874/874 696/899/899
f 696/899/899 692/874/874 700/875/875
f 696/899/899 700/875/875 704/898/898
f 704/898/898 700/875/875 708/876/876
f 704/898/898 708/876/876 712/897/897
f 712/897/897 708/876/876 716/877/877
f 712/897/897 716/877/877 720/896/896
f 720/896/896 716/877/877 724/878/878
f 720/896/896 724/878/878 728/895/895
f 728/895/895 724/878/878 732/879/879
f 728/895/895 732/879/879 740/894/894
f 744/935/935 739/908/908 658/936/936
f 658/936/936 739/908/908 732/909/909
f 658/936/936 732/909/909 654/958/958
f 654/958/958 732/909/909 724/910/910
f 654/958/958 724/910/910 650/957/957
f 650/957/957 724/910/910 716/911/911
f 650/957/957 716/911/911 646/956/956
f 646/956/956 716/911/911 708/912/912
f 646/956/956 708/912/912 642/955/955
f 642/955/955 708/912/912 700/913/913
f 642/955/955 700/913/913 638/954/954
f 638/954/954 700/913/913 692/914/914
f 638/954/954 692/914/914 687/915/915
f 638/954/954 687/915/915 636/953/953
f 636/953/953 687/915/915 691/916/916
f 636/953/953 691/916/916 640/952/952
f 640/952/952 691/916/916 699/917/917
f 640/952/952 699/917/917 644/951/951
f 644/951/951 699/917/917 707/918/918
f 644/951/951 707/918/918 648/950/950
f 648/950/950 707/918/918 715/919/919
f 648/950/950 715/919/919 723/920/920
f 648/950/950 723/920/920 652/949/949
f 652/949/949 723/920/920 731/921/921
f 652/949/949 731/921/921 656/948/948
f 656/948/948 731/921/921 738/959/959
f 656/948/948 738/960/960 660/947/947
f 660/961/961 738/922/922 743/923/923
f 660/962/962 743/923/923 664/946/946
f 664/946/946 743/923/923 751/924/924
f 664/946/946 751/924/924 668/945/945
f 668/945/945 751/924/924 759/925/925
f 668/945/945 759/925/925 767/926/926
f 668/945/945 767/926/926 672/944/944
f 672/944/944 767/926/926 775/927/927
f 672/944/944 775/927/927 676/943/943
f 676/943/943 775/927/927 783/928/928
f 676/943/943 783/928/928 680/942/942
f 680/942/942 783/928/928 789/929/929
f 680/942/942 789/929/929 678/941/941
f 678/941/941 789/929/929 784/930/930
f 678/941/941 784/930/930 776/931/931
f 678/941/941 776/931/931 674/940/940
f 674/940/940 776/931/931 768/932/932
f 674/940/940 768/932/932 670/939/939
f 670/939/939 768/932/932 760/933/933
f 670/939/939 760/933/933 666/938/938
f 666/938/938 760/933/933 752/934/934
f 666/938/938 752/934/934 662/937/937
f 662/937/937 752/934/934 744/935/935
f 662/937/937 744/935/935 658/936/936
f 727/964/964 473/1018/1018 737/963/963
f 737/963/963 473/1018/1018 477/1019/1019
f 737/1020/1020 477/991/991 747/990/990
f 747/990/990 477/991/991 481/992/992
f 747/990/990 481/992/992 755/989/989
f 755/989/989 481/992/992 485/993/993
f 755/989/989 485/993/993 763/988/988
f 763/988/988 485/993/993 489/994/994
f 763/988/988 489/994/994 771/987/987
f 771/987/987 489/994/994 493/995/995
f 771/987/987 493/995/995 779/986/986
f 779/986/986 493/995/995 497/996/996
f 779/986/986 497/996/996 788/985/985
f 788/985/985 497/996/996 501/997/997
f 788/985/985 501/997/997 792/984/984
f 792/984/984 501/997/997 504/998/998
f 792/984/984 504/998/998 790/983/983
f 790/983/983 504/998/998 502/999/999
f 790/983/983 502/999/999 780/982/982
f 780/982/982 502/999/999 498/1000/1000
f 780/982/982 498/1000/1000 772/981/981
f 772/981/981 498/1000/1000 494/1001/1001
f 772/981/981 494/1001/1001 764/980/980
f 764/980/980 494/1001/1001 490/1002/1002
f 764/980/980 490/1002/1002 756/979/979
f 756/979/979 490/1002/1002 486/1003/1003
f 756/979/979 486/1003/1003 748/978/978
f 748/978/978 486/1003/1003 482/1004/1004
f 748/978/978 482/1004/1004 740/977/977
f 740/977/977 482/1004/1004 478/1005/1005
f 740/977/977 478/1005/1005 728/976/976
f 728/976/976 478/1005/1005 474/1006/1006
f 728/976/976 474/1006/1006 720/975/975
f 720/975/975 474/1006/1006 470/1007/1007
f 720/975/975 470/1007/1007 712/974/974
f 712/974/974 470/1007/1007 466/1008/1008
f 712/974/974 466/1008/1008 704/973/973
f 704/973/973 466/1008/1008 462/1009/1009
f 704/973/973 462/1009/1009 696/972/972
f 696/972/972 462/1009/1009 458/1010/1010
f 696/972/972 458/1010/1010 688/971/971
f 688/971/971 458/1010/1010 454/1011/1011
f 688/971/971 454/1011/1011 682/970/970
f 682/970/970 454/1011/1011 450/1012/1012
f 682/970/970 450/1012/1012 686/969/969
f 686/969/969 450/1012/1012 453/1013/1013
f 686/969/969 453/1013/1013 695/968/968
f 695/968/968 453/1013/1013 457/1014/1014
f 695/968/968 457/1014/1014 703/967/967
f 703/967/967 457/1014/1014 461/1015/1015
f 703/967/967 461/1015/1015 711/966/966
f 711/966/966 461/1015/1015 465/1016/1016
f 711/966/966 465/1016/1016 719/965/965
f 719/965/965 465/1016/1016 469/1017/1017
f 719/965/965 469/1017/1017 727/964/964
f 727/964/964 469/1017/1017 473/1018/1018
f 417/1022/1022 345/1076/1076 421/1021/1021
f 421/1021/1021 345/1076/1076 349/1077/1077
f 421/1078/1078 349/1049/1049 425/1048/1048
f 425/1048/1048 349/1049/1049 353/1050/1050
f 425/1048/1048 353/1050/1050 429/1047/1047
f 429/1047/1047 353/1050/1050 357/1051/1051
f 429/1047/1047 357/1051/1051 433/1046/1046
f 433/1046/1046 357/1051/1051 361/1052/1052
f 433/1046/1046 361/1052/1052 437/1045/1045
f 437/1045/1045 361/1052/1052 365/1053/1053
f 437/1045/1045 365/1053/1053 441/1044/1044
f 441/1044/1044 365/1053/1053 369/1054/1054
f 441/1044/1044 369/1054/1054 445/1043/1043
f 445/1043/1043 369/1054/1054 373/1055/1055
f 445/1043/1043 373/1055/1055 448/1042/1042
f 448/1042/1042 373/1055/1055 376/1056/1056
f 448/1042/1042 376/1056/1056 446/1041/1041
f 446/1041/1041 376/1056/1056 374/1057/1057
f 446/1041/1041 374/1057/1057 442/1040/1040
f 442/1040/1040 374/1057/1057 370/1058/1058
f 442/1040/1040 370/1058/1058 438/1039/1039
f 438/1039/1039 370/1058/1058 366/1059/1059
f 438/1039/1039 366/1059/1059 434/1038/1038
f 434/1038/1038 366/1059/1059 362/1060/1060
f 434/1038/1038 362/1060/1060 430/1037/1037
f 430/1037/1037 362/1060/1060 358/1061/1061
f 430/1037/1037 358/1061/1061 426/1036/1036
f 426/1036/1036 358/1061/1061 354/1062/1062
f 426/1036/1036 354/1062/1062 422/1035/1035
f 422/1035/1035 354/1062/1062 350/1063/1063
f 422/1035/1035 350/1063/1063 418/1034/1034
f 418/1034/1034 350/1063/1063 346/1064/1064
f 418/1034/1034 346/1064/1064 414/1033/1033
f 414/1033/1033 346/1064/1064 342/1065/1065
f 414/1033/1033 342/1065/1065 410/1032/1032
f 410/1032/1032 342/1065/1065 338/1066/1066
f 410/1032/1032 338/1066/1066 406/1031/1031
f 406/1031/1031 338/1066/1066 334/1067/1067
f 406/1031/1031 334/1067/1067 402/1030/1030
f 402/1030/1030 334/1067/1067 330/1068/1068
f 402/1030/1030 330/1068/1068 398/1029/1029
f 398/1029/1029 330/1068/1068 326/1069/1069
f 398/1029/1029 326/1069/1069 394/1028/1028
f 394/1028/1028 326/1069/1069 322/1070/1070
f 394/1028/1028 322/1070/1070 397/1027/1027
f 397/1027/1027 322/1070/1070 325/1071/1071
f 397/1027/1027 325/1071/1071 401/1026/1026
f 401/1026/1026 325/1071/1071 329/1072/1072
f 401/1026/1026 329/1072/1072 405/1025/1025
f 405/1025/1025 329/1072/1072 333/1073/1073
f 405/1025/1025 333/1073/1073 409/1024/1024
f 409/1024/1024 333/1073/1073 337/1074/1074
f 409/1024/1024 337/1074/1074 413/1023/1023
f 413/1023/1023 337/1074/1074 341/1075/1075
f 413/1023/1023 341/1075/1075 417/1022/1022
f 417/1022/1022 341/1075/1075 345/1076/1076
f 75/1079/1079 73/1080/1080 9/1088/1088
f 9/1088/1088 73/1080/1080 7/1087/1087
f 7/1087/1087 73/1080/1080 71/1081/1081
f 7/1087/1087 71/1081/1081 5/1086/1086
f 5/1086/1086 71/1081/1081 69/1082/1082
f 5/1086/1086 69/1082/1082 3/1085/1085
f 3/1085/1085 69/1082/1082 65/1083/1083
f 3/1085/1085 65/1083/1083 1/1084/1084
f 185/1089/1089 189/1090/1090 253/1098/1098
f 253/1098/1098 189/1090/1090 255/1097/1097
f 255/1097/1097 189/1090/1090 191/1091/1091
f 255/1097/1097 191/1091/1091 257/1096/1096
f 257/1096/1096 191/1091/1091 193/1092/1092
f 257/1096/1096 193/1092/1092 259/1095/1095
f 259/1095/1095 193/1092/1092 195/1093/1093
f 259/1095/1095 195/1093/1093 261/1094/1094
f 253/1099/1099 255/1100/1100 305/1107/1107
f 305/1107/1107 255/1100/1100 309/1106/1106
f 309/1106/1106 255/1100/1100 257/1101/1101
f 309/1106/1106 257/1101/1101 313/1105/1105
f 313/1105/1105 257/1101/1101 259/1102/1102
f 313/1105/1105 259/1102/1102 317/1104/1104
f 317/1104/1104 259/1102/1102 261/1103/1103
f 263/1109/1109 377/1110/1110 261/1108/1108
f 261/1108/1108 377/1110/1110 317/1111/1111
f 263/1112/1112 265/1113/1113 377/1120/1120
f 377/1120/1120 265/1113/1113 383/1119/1119
f 383/1119/1119 265/1113/1113 267/1114/1114
f 383/1119/1119 267/1114/1114 387/1118/1118
f 387/1118/1118 267/1114/1114 269/1115/1115
f 387/1118/1118 269/1115/1115 391/1117/1117
f 391/1117/1117 269/1115/1115 271/1116/1116
f 85/1121/1121 83/1122/1122 19/1130/1130
f 19/1130/1130 83/1122/1122 17/1129/1129
f 17/1129/1129 83/1122/1122 81/1123/1123
f 17/1129/1129 81/1123/1123 15/1128/1128
f 15/1128/1128 81/1123/1123 79/1124/1124
f 15/1128/1128 79/1124/1124 13/1127/1127
f 13/1127/1127 79/1124/1124 77/1125/1125
f 13/1127/1127 77/1125/1125 11/1126/1126
f 197/1131/1131 199/1132/1132 263/1140/1140
f 263/1140/1140 199/1132/1132 265/1139/1139
f 265/1139/1139 199/1132/1132 201/1133/1133
f 265/1139/1139 201/1133/1133 267/1138/1138
f 267/1138/1138 201/1133/1133 203/1134/1134
f 267/1138/1138 203/1134/1134 269/1137/1137
f 269/1137/1137 203/1134/1134 205/1135/1135
f 269/1137/1137 205/1135/1135 271/1136/1136
f 319/1142/1142 350/1171/1171 379/1141/1141
f 379/1141/1141 350/1171/1171 354/1172/1172
f 379/1141/1141 354/1172/1172 358/1173/1173
f 316/1143/1143 326/1165/1165 319/1142/1142
f 319/1142/1142 326/1165/1165 330/1166/1166
f 319/1142/1142 330/1166/1166 334/1167/1167
f 312/1144/1144 308/1145/1145 316/1143/1143
f 316/1143/1143 308/1145/1145 326/1165/1165
f 307/1146/1146 321/1192/1192 308/1145/1145
f 308/1145/1145 321/1192/1192 322/1164/1164
f 308/1145/1145 322/1164/1164 326/1165/1165
f 311/1147/1147 315/1148/1148 307/1146/1146
f 307/1146/1146 315/1148/1148 318/1149/1149
f 307/1146/1146 318/1149/1149 327/1190/1190
f 327/1190/1190 318/1149/1149 331/1189/1189
f 331/1189/1189 318/1149/1149 335/1188/1188
f 335/1188/1188 318/1149/1149 339/1187/1187
f 339/1187/1187 318/1149/1149 343/1186/1186
f 343/1186/1186 318/1149/1149 347/1185/1185
f 347/1185/1185 318/1149/1149 378/1150/1150
f 347/1185/1185 378/1150/1150 351/1212/1212
f 351/1212/1212 378/1150/1150 355/1211/1211
f 355/1211/1211 378/1150/1150 359/1210/1210
f 359/1210/1210 378/1150/1150 363/1209/1209
f 363/1209/1209 378/1150/1150 367/1208/1208
f 367/1208/1208 378/1150/1150 389/1153/1153
f 367/1208/1208 389/1153/1153 371/1207/1207
f 371/1207/1207 389/1153/1153 375/1206/1206
f 375/1206/1206 389/1153/1153 390/1154/1154
f 375/1206/1206 390/1154/1154 376/1178/1178
f 376/1178/1178 390/1154/1154 374/1177/1177
f 374/1177/1177 390/1154/1154 382/1156/1156
f 374/1177/1177 382/1156/1156 379/1141/1141
f 378/1150/1150 381/1151/1151 389/1153/1153
f 389/1153/1153 381/1151/1151 385/1152/1152
f 390/1154/1154 386/1155/1155 382/1156/1156
f 345/1158/1158 344/1198/1198 349/1157/1157
f 349/1157/1157 344/1198/1198 348/1199/1199
f 349/1157/1157 348/1199/1199 353/1184/1184
f 353/1184/1184 348/1199/1199 352/1200/1200
f 353/1184/1184 352/1200/1200 357/1183/1183
f 357/1183/1183 352/1200/1200 356/1201/1201
f 357/1183/1183 356/1201/1201 361/1182/1182
f 361/1182/1182 356/1201/1201 360/1202/1202
f 361/1182/1182 360/1202/1202 365/1181/1181
f 365/1181/1181 360/1202/1202 364/1203/1203
f 365/1181/1181 364/1203/1203 369/1180/1180
f 369/1180/1180 364/1203/1203 368/1204/1204
f 369/1180/1180 368/1204/1204 373/1179/1179
f 373/1179/1179 368/1204/1204 372/1205/1205
f 373/1179/1179 372/1205/1205 376/1178/1178
f 376/1178/1178 372/1205/1205 375/1206/1206
f 344/1198/1198 345/1158/1158 340/1197/1197
f 340/1197/1197 345/1158/1158 341/1159/1159
f 340/1197/1197 341/1159/1159 336/1196/1196
f 336/1196/1196 341/1159/1159 337/1160/1160
f 336/1196/1196 337/1160/1160 332/1195/1195
f 332/1195/1195 337/1160/1160 333/1161/1161
f 332/1195/1195 333/1161/1161 328/1194/1194
f 328/1194/1194 333/1161/1161 329/1162/1162
f 328/1194/1194 329/1162/1162 324/1193/1193
f 324/1193/1193 329/1162/1162 325/1163/1163
f 324/1193/1193 325/1163/1163 321/1192/1192
f 321/1192/1192 325/1163/1163 322/1164/1164
f 334/1167/1167 338/1168/1168 319/1142/1142
f 319/1142/1142 338/1168/1168 342/1169/1169
f 319/1142/1142 342/1169/1169 346/1170/1170
f 346/1170/1170 350/1171/1171 319/1142/1142
f 358/1173/1173 362/1174/1174 379/1141/1141
f 379/1141/1141 362/1174/1174 366/1175/1175
f 379/1141/1141 366/1175/1175 370/1176/1176
f 370/1176/1176 374/1177/1177 379/1141/1141
f 327/1190/1190 323/1191/1191 307/1146/1146
f 307/1146/1146 323/1191/1191 321/1192/1192
f 262/1214/1214 320/1215/1215 264/1213/1213
f 264/1213/1213 320/1215/1215 380/1216/1216
usemtl 176,176,176
f 77/1217/1217 79/1218/1218 197/1226/1226
f 197/1226/1226 79/1218/1218 199/1225/1225
f 199/1225/1225 79/1218/1218 81/1219/1219
f 199/1225/1225 81/1219/1219 201/1224/1224
f 201/1224/1224 81/1219/1219 83/1220/1220
f 201/1224/1224 83/1220/1220 203/1223/1223
f 203/1223/1223 83/1220/1220 85/1221/1221
f 203/1223/1223 85/1221/1221 205/1222/1222
usemtl 10,10,10
f 17/1228/1228 15/1229/1229 19/1227/1227
f 19/1227/1227 15/1229/1229 13/1230/1230
f 19/1227/1227 13/1230/1230 11/1231/1231
f 9/1232/1232 10/1241/1241 11/1231/1231
f 11/1231/1231 10/1241/1241 12/1242/1242
f 11/1231/1231 12/1242/1242 19/1227/1227
f 19/1227/1227 12/1242/1242 20/1246/1246
f 20/1246/1246 12/1242/1242 14/1243/1243
f 20/1246/1246 14/1243/1243 16/1244/1244
f 7/1233/1233 1/1236/1236 9/1232/1232
f 9/1232/1232 1/1236/1236 2/1237/1237
f 9/1232/1232 2/1237/1237 10/1241/1241
f 10/1241/1241 2/1237/1237 8/1240/1240
f 8/1240/1240 2/1237/1237 6/1239/1239
f 6/1239/1239 2/1237/1237 4/1238/1238
f 7/1233/1233 5/1234/1234 1/1236/1236
f 1/1236/1236 5/1234/1234 3/1235/1235
f 16/1244/1244 18/1245/1245 20/1246/1246
f 272/1247/1247 270/1248/1248 392/1255/1255
f 392/1255/1255 270/1248/1248 388/1254/1254
f 388/1254/1254 270/1248/1248 268/1249/1249
f 388/1254/1254 268/1249/1249 384/1253/1253
f 384/1253/1253 268/1249/1249 266/1250/1250
f 384/1253/1253 266/1250/1250 380/1252/1252
f 380/1252/1252 266/1250/1250 264/1251/1251
f 86/1256/1256 85/1257/1257 31/1267/1267
f 31/1267/1267 85/1257/1257 27/1266/1266
f 27/1266/1266 85/1257/1257 19/1258/1258
f 27/1266/1266 19/1258/1258 23/1265/1265
f 23/1265/1265 19/1258/1258 20/1259/1259
f 23/1265/1265 20/1259/1259 24/1264/1264
f 24/1264/1264 20/1259/1259 28/1263/1263
f 28/1263/1263 20/1259/1259 88/1260/1260
f 28/1263/1263 88/1260/1260 32/1262/1262
f 32/1262/1262 88/1260/1260 87/1261/1261
f 254/1268/1268 253/1269/1269 306/1271/1271
f 306/1271/1271 253/1269/1269 305/1270/1270
f 78/1273/1273 12/1274/1274 76/1272/1272
f 76/1272/1272 12/1274/1274 10/1275/1275
usemtl 176,176,176
f 65/1276/1276 69/1277/1277 185/1285/1285
f 185/1285/1285 69/1277/1277 189/1284/1284
f 189/1284/1284 69/1277/1277 71/1278/1278
f 189/1284/1284 71/1278/1278 191/1283/1283
f 191/1283/1283 71/1278/1278 73/1279/1279
f 191/1283/1283 73/1279/1279 193/1282/1282
f 193/1282/1282 73/1279/1279 75/1280/1280
f 193/1282/1282 75/1280/1280 195/1281/1281
f 65/1287/1287 129/1309/1309 66/1286/1286
f 66/1286/1286 129/1309/1309 89/1310/1310
f 66/1286/1286 89/1310/1310 53/1311/1311
f 65/1287/1287 185/1288/1288 129/1309/1309
f 129/1309/1309 185/1288/1288 186/1289/1289
f 129/1309/1309 186/1289/1289 169/1308/1308
f 169/1308/1308 186/1289/1289 213/1307/1307
f 213/1307/1307 186/1289/1289 241/1290/1290
f 213/1307/1307 241/1290/1290 229/1306/1306
f 229/1306/1306 241/1290/1290 245/1291/1291
f 229/1306/1306 245/1291/1291 249/1292/1292
f 249/1292/1292 250/1293/1293 229/1306/1306
f 229/1306/1306 250/1293/1293 230/1319/1319
f 230/1319/1319 250/1293/1293 246/1294/1294
f 230/1319/1319 246/1294/1294 242/1295/1295
f 230/1319/1319 242/1295/1295 214/1318/1318
f 214/1318/1318 242/1295/1295 187/1296/1296
f 214/1318/1318 187/1296/1296 170/1317/1317
f 170/1317/1317 187/1296/1296 130/1316/1316
f 130/1316/1316 187/1296/1296 188/1297/1297
f 130/1316/1316 188/1297/1297 68/1298/1298
f 68/1298/1298 67/1299/1299 130/1316/1316
f 130/1316/1316 67/1299/1299 90/1315/1315
f 90/1315/1315 67/1299/1299 54/1314/1314
f 54/1314/1314 67/1299/1299 30/1300/1300
f 54/1314/1314 30/1300/1300 34/1313/1313
f 34/1313/1313 30/1300/1300 26/1301/1301
f 34/1313/1313 26/1301/1301 22/1302/1302
f 22/1302/1302 21/1303/1303 34/1313/1313
f 34/1313/1313 21/1303/1303 33/1312/1312
f 33/1312/1312 21/1303/1303 25/1304/1304
f 33/1312/1312 25/1304/1304 29/1305/1305
f 33/1312/1312 29/1305/1305 53/1311/1311
f 53/1311/1311 29/1305/1305 66/1286/1286
f 77/1321/1321 197/1322/1322 75/1320/1320
f 75/1320/1320 197/1322/1322 195/1323/1323
f 153/1325/1325 171/1347/1347 172/1324/1324
f 172/1324/1324 171/1347/1347 215/1348/1348
f 172/1324/1324 215/1348/1348 231/1349/1349
f 153/1325/1325 137/1326/1326 171/1347/1347
f 171/1347/1347 137/1326/1326 131/1346/1346
f 131/1346/1346 137/1326/1326 113/1327/1327
f 131/1346/1346 113/1327/1327 91/1345/1345
f 91/1345/1345 113/1327/1327 97/1328/1328
f 91/1345/1345 97/1328/1328 55/1344/1344
f 55/1344/1344 97/1328/1328 98/1329/1329
f 55/1344/1344 98/1329/1329 35/1343/1343
f 35/1343/1343 98/1329/1329 114/1330/1330
f 35/1343/1343 114/1330/1330 115/1336/1336
f 115/1336/1336 114/1330/1330 139/1335/1335
f 139/1335/1335 114/1330/1330 138/1331/1331
f 139/1335/1335 138/1331/1331 155/1334/1334
f 155/1334/1334 138/1331/1331 154/1332/1332
f 155/1334/1334 154/1332/1332 232/1350/1350
f 232/1350/1350 154/1332/1332 231/1349/1349
f 231/1349/1349 154/1332/1332 172/1324/1324
f 155/1334/1334 232/1350/1350 173/1333/1333
f 173/1333/1333 232/1350/1350 216/1351/1351
f 173/1333/1333 216/1351/1351 174/1352/1352
f 35/1343/1343 115/1336/1336 36/1342/1342
f 36/1342/1342 115/1336/1336 99/1337/1337
f 36/1342/1342 99/1337/1337 56/1355/1355
f 56/1355/1355 99/1337/1337 100/1338/1338
f 56/1355/1355 100/1338/1338 92/1354/1354
f 92/1354/1354 100/1338/1338 116/1339/1339
f 92/1354/1354 116/1339/1339 132/1353/1353
f 132/1353/1353 116/1339/1339 140/1340/1340
f 132/1353/1353 140/1340/1340 174/1352/1352
f 174/1352/1352 140/1340/1340 156/1341/1341
f 174/1352/1352 156/1341/1341 173/1333/1333
f 34/1356/1356 33/1357/1357 36/1359/1359
f 36/1359/1359 33/1357/1357 35/1358/1358
f 232/1373/1373 230/1360/1360 216/1372/1372
f 216/1372/1372 230/1360/1360 214/1361/1361
f 216/1372/1372 214/1361/1361 170/1362/1362
f 216/1372/1372 170/1362/1362 174/1371/1371
f 174/1371/1371 170/1362/1362 130/1363/1363
f 174/1371/1371 130/1363/1363 132/1370/1370
f 132/1370/1370 130/1363/1363 90/1364/1364
f 132/1370/1370 90/1364/1364 92/1369/1369
f 92/1369/1369 90/1364/1364 54/1365/1365
f 92/1369/1369 54/1365/1365 56/1368/1368
f 56/1368/1368 54/1365/1365 34/1366/1366
f 56/1368/1368 34/1366/1366 36/1367/1367
f 229/1374/1374 230/1375/1375 231/1377/1377
f 231/1377/1377 230/1375/1375 232/1376/1376
f 35/1391/1391 33/1378/1378 55/1390/1390
f 55/1390/1390 33/1378/1378 53/1379/1379
f 55/1390/1390 53/1379/1379 89/1380/1380
f 55/1390/1390 89/1380/1380 91/1389/1389
f 91/1389/1389 89/1380/1380 129/1381/1381
f 91/1389/1389 129/1381/1381 131/1388/1388
f 131/1388/1388 129/1381/1381 169/1382/1382
f 131/1388/1388 169/1382/1382 171/1387/1387
f 171/1387/1387 169/1382/1382 213/1383/1383
f 171/1387/1387 213/1383/1383 215/1386/1386
f 215/1386/1386 213/1383/1383 229/1384/1384
f 215/1386/1386 229/1384/1384 231/1385/1385
f 176/1392/1392 160/1393/1393 159/1400/1400
f 159/1400/1400 160/1393/1393 143/1399/1399
f 143/1399/1399 160/1393/1393 144/1394/1394
f 143/1399/1399 144/1394/1394 119/1398/1398
f 119/1398/1398 144/1394/1394 120/1395/1395
f 119/1398/1398 120/1395/1395 103/1397/1397
f 103/1397/1397 120/1395/1395 104/1396/1396
f 159/1402/1402 155/1418/1418 176/1401/1401
f 176/1401/1401 155/1418/1418 173/1419/1419
f 176/1420/1420 173/1410/1410 160/1409/1409
f 160/1409/1409 173/1410/1410 156/1411/1411
f 160/1409/1409 156/1411/1411 144/1408/1408
f 144/1408/1408 156/1411/1411 140/1412/1412
f 144/1408/1408 140/1412/1412 120/1407/1407
f 120/1407/1407 140/1412/1412 116/1413/1413
f 120/1407/1407 116/1413/1413 104/1406/1406
f 104/1406/1406 116/1413/1413 100/1414/1414
f 104/1406/1406 100/1414/1414 103/1405/1405
f 103/1405/1405 100/1414/1414 99/1415/1415
f 103/1405/1405 99/1415/1415 119/1404/1404
f 119/1404/1404 99/1415/1415 115/1416/1416
f 119/1404/1404 115/1416/1416 143/1403/1403
f 143/1403/1403 115/1416/1416 139/1417/1417
f 143/1403/1403 139/1417/1417 159/1402/1402
f 159/1402/1402 139/1417/1417 155/1418/1418
f 175/1421/1421 158/1422/1422 157/1429/1429
f 157/1429/1429 158/1422/1422 141/1428/1428
f 141/1428/1428 158/1422/1422 142/1423/1423
f 141/1428/1428 142/1423/1423 117/1427/1427
f 117/1427/1427 142/1423/1423 118/1424/1424
f 117/1427/1427 118/1424/1424 101/1426/1426
f 101/1426/1426 118/1424/1424 102/1425/1425
f 157/1431/1431 153/1447/1447 175/1430/1430
f 175/1430/1430 153/1447/1447 172/1448/1448
f 175/1449/1449 172/1439/1439 158/1438/1438
f 158/1438/1438 172/1439/1439 154/1440/1440
f 158/1438/1438 154/1440/1440 142/1437/1437
f 142/1437/1437 154/1440/1440 138/1441/1441
f 142/1437/1437 138/1441/1441 118/1436/1436
f 118/1436/1436 138/1441/1441 114/1442/1442
f 118/1436/1436 114/1442/1442 102/1435/1435
f 102/1435/1435 114/1442/1442 98/1443/1443
f 102/1435/1435 98/1443/1443 101/1434/1434
f 101/1434/1434 98/1443/1443 97/1444/1444
f 101/1434/1434 97/1444/1444 117/1433/1433
f 117/1433/1433 97/1444/1444 113/1445/1445
f 117/1433/1433 113/1445/1445 141/1432/1432
f 141/1432/1432 113/1445/1445 137/1446/1446
f 141/1432/1432 137/1446/1446 157/1431/1431
f 157/1431/1431 137/1446/1446 153/1447/1447
usemtl 10,10,10
f 271/1450/1450 272/1451/1451 391/1453/1453
f 391/1453/1453 272/1451/1451 392/1452/1452
f 208/1454/1454 204/1455/1455 272/1463/1463
f 272/1463/1463 204/1455/1455 270/1462/1462
f 270/1462/1462 204/1455/1455 202/1456/1456
f 270/1462/1462 202/1456/1456 268/1461/1461
f 268/1461/1461 202/1456/1456 200/1457/1457
f 268/1461/1461 200/1457/1457 266/1460/1460
f 266/1460/1460 200/1457/1457 198/1458/1458
f 266/1460/1460 198/1458/1458 264/1459/1459
f 75/1465/1465 9/1466/1466 77/1464/1464
f 77/1464/1464 9/1466/1466 11/1467/1467
f 197/1469/1469 263/1470/1470 195/1468/1468
f 195/1468/1468 263/1470/1470 261/1471/1471
f 68/1472/1472 70/1473/1473 2/1481/1481
f 2/1481/1481 70/1473/1473 4/1480/1480
f 4/1480/1480 70/1473/1473 72/1474/1474
f 4/1480/1480 72/1474/1474 6/1479/1479
f 6/1479/1479 72/1474/1474 74/1475/1475
f 6/1479/1479 74/1475/1475 8/1478/1478
f 8/1478/1478 74/1475/1475 76/1476/1476
f 8/1478/1478 76/1476/1476 10/1477/1477
f 196/1482/1482 194/1483/1483 262/1491/1491
f 262/1491/1491 194/1483/1483 260/1490/1490
f 260/1490/1490 194/1483/1483 192/1484/1484
f 260/1490/1490 192/1484/1484 258/1489/1489
f 258/1489/1489 192/1484/1484 190/1485/1485
f 258/1489/1489 190/1485/1485 256/1488/1488
f 256/1488/1488 190/1485/1485 188/1486/1486
f 256/1488/1488 188/1486/1486 254/1487/1487
usemtl 176,176,176
f 205/1511/1511 85/1492/1492 135/1534/1534
f 135/1534/1534 85/1492/1492 86/1493/1493
f 135/1534/1534 86/1493/1493 95/1533/1533
f 95/1533/1533 86/1493/1493 59/1532/1532
f 59/1532/1532 86/1493/1493 31/1494/1494
f 59/1532/1532 31/1494/1494 41/1531/1531
f 41/1531/1531 31/1494/1494 27/1495/1495
f 41/1531/1531 27/1495/1495 23/1496/1496
f 41/1531/1531 23/1496/1496 42/1530/1530
f 42/1530/1530 23/1496/1496 24/1497/1497
f 42/1530/1530 24/1497/1497 43/1512/1512
f 43/1512/1512 24/1497/1497 44/1526/1526
f 44/1526/1526 24/1497/1497 28/1498/1498
f 44/1526/1526 28/1498/1498 32/1499/1499
f 44/1526/1526 32/1499/1499 60/1525/1525
f 60/1525/1525 32/1499/1499 87/1500/1500
f 60/1525/1525 87/1500/1500 96/1524/1524
f 96/1524/1524 87/1500/1500 136/1523/1523
f 136/1523/1523 87/1500/1500 88/1501/1501
f 136/1523/1523 88/1501/1501 208/1502/1502
f 208/1502/1502 207/1503/1503 136/1523/1523
f 136/1523/1523 207/1503/1503 184/1522/1522
f 184/1522/1522 207/1503/1503 220/1521/1521
f 220/1521/1521 207/1503/1503 244/1504/1504
f 220/1521/1521 244/1504/1504 240/1520/1520
f 240/1520/1520 244/1504/1504 248/1505/1505
f 240/1520/1520 248/1505/1505 252/1506/1506
f 240/1520/1520 252/1506/1506 239/1519/1519
f 239/1519/1519 252/1506/1506 251/1507/1507
f 239/1519/1519 251/1507/1507 238/1538/1538
f 238/1538/1538 251/1507/1507 237/1537/1537
f 237/1537/1537 251/1507/1507 247/1508/1508
f 237/1537/1537 247/1508/1508 243/1509/1509
f 237/1537/1537 243/1509/1509 219/1536/1536
f 219/1536/1536 243/1509/1509 206/1510/1510
f 219/1536/1536 206/1510/1510 183/1535/1535
f 183/1535/1535 206/1510/1510 135/1534/1534
f 135/1534/1534 206/1510/1510 205/1511/1511
f 42/1530/1530 43/1512/1512 47/1529/1529
f 47/1529/1529 43/1512/1512 48/1513/1513
f 47/1529/1529 48/1513/1513 51/1528/1528
f 51/1528/1528 48/1513/1513 52/1514/1514
f 51/1528/1528 52/1514/1514 63/1527/1527
f 63/1527/1527 52/1514/1514 64/1515/1515
f 63/1527/1527 64/1515/1515 211/1541/1541
f 211/1541/1541 64/1515/1515 212/1516/1516
f 211/1541/1541 212/1516/1516 223/1540/1540
f 223/1540/1540 212/1516/1516 224/1517/1517
f 223/1540/1540 224/1517/1517 227/1539/1539
f 227/1539/1539 224/1517/1517 228/1518/1518
f 227/1539/1539 228/1518/1518 238/1538/1538
f 238/1538/1538 228/1518/1518 239/1519/1519
usemtl 10,10,10
f 207/1542/1542 208/1543/1543 244/1553/1553
f 244/1553/1553 208/1543/1543 248/1552/1552
f 248/1552/1552 208/1543/1543 252/1551/1551
f 252/1551/1551 208/1543/1543 272/1544/1544
f 252/1551/1551 272/1544/1544 271/1545/1545
f 252/1551/1551 271/1545/1545 251/1550/1550
f 251/1550/1550 271/1545/1545 205/1546/1546
f 251/1550/1550 205/1546/1546 247/1549/1549
f 247/1549/1549 205/1546/1546 243/1548/1548
f 243/1548/1548 205/1546/1546 206/1547/1547
usemtl 176,176,176
f 88/1554/1554 84/1555/1555 208/1563/1563
f 208/1563/1563 84/1555/1555 204/1562/1562
f 204/1562/1562 84/1555/1555 82/1556/1556
f 204/1562/1562 82/1556/1556 202/1561/1561
f 202/1561/1561 82/1556/1556 80/1557/1557
f 202/1561/1561 80/1557/1557 200/1560/1560
f 200/1560/1560 80/1557/1557 78/1558/1558
f 200/1560/1560 78/1558/1558 198/1559/1559
usemtl 10,10,10
f 78/1564/1564 80/1565/1565 12/1573/1573
f 12/1573/1573 80/1565/1565 14/1572/1572
f 14/1572/1572 80/1565/1565 82/1566/1566
f 14/1572/1572 82/1566/1566 16/1571/1571
f 16/1571/1571 82/1566/1566 84/1567/1567
f 16/1571/1571 84/1567/1567 18/1570/1570
f 18/1570/1570 84/1567/1567 88/1568/1568
f 18/1570/1570 88/1568/1568 20/1569/1569
usemtl 176,176,176
f 76/1575/1575 196/1576/1576 78/1574/1574
f 78/1574/1574 196/1576/1576 198/1577/1577
usemtl 10,10,10
f 196/1579/1579 262/1580/1580 198/1578/1578
f 198/1578/1578 262/1580/1580 264/1581/1581
usemtl 176,176,176
f 76/1582/1582 74/1583/1583 196/1591/1591
f 196/1591/1591 74/1583/1583 194/1590/1590
f 194/1590/1590 74/1583/1583 72/1584/1584
f 194/1590/1590 72/1584/1584 192/1589/1589
f 192/1589/1589 72/1584/1584 70/1585/1585
f 192/1589/1589 70/1585/1585 190/1588/1588
f 190/1588/1588 70/1585/1585 68/1586/1586
f 190/1588/1588 68/1586/1586 188/1587/1587
usemtl 10,10,10
f 262/1592/1592 260/1593/1593 320/1600/1600
f 320/1600/1600 260/1593/1593 314/1599/1599
f 314/1599/1599 260/1593/1593 258/1594/1594
f 314/1599/1599 258/1594/1594 310/1598/1598
f 310/1598/1598 258/1594/1594 256/1595/1595
f 310/1598/1598 256/1595/1595 306/1597/1597
f 306/1597/1597 256/1595/1595 254/1596/1596
f 66/1602/1602 29/1603/1603 65/1601/1601
f 65/1601/1601 29/1603/1603 25/1604/1604
f 65/1601/1601 25/1604/1604 1/1612/1612
f 1/1612/1612 25/1604/1604 21/1605/1605
f 1/1612/1612 21/1605/1605 22/1606/1606
f 1/1612/1612 22/1606/1606 2/1611/1611
f 2/1611/1611 22/1606/1606 26/1607/1607
f 2/1611/1611 26/1607/1607 68/1610/1610
f 68/1610/1610 26/1607/1607 30/1608/1608
f 68/1610/1610 30/1608/1608 67/1609/1609
f 187/1614/1614 242/1615/1615 188/1613/1613
f 188/1613/1613 242/1615/1615 246/1616/1616
f 188/1613/1613 246/1616/1616 250/1617/1617
f 188/1613/1613 250/1617/1617 254/1624/1624
f 254/1624/1624 250/1617/1617 249/1618/1618
f 254/1624/1624 249/1618/1618 253/1623/1623
f 253/1623/1623 249/1618/1618 185/1622/1622
f 185/1622/1622 249/1618/1618 245/1619/1619
f 185/1622/1622 245/1619/1619 241/1620/1620
f 241/1620/1620 186/1621/1621 185/1622/1622
usemtl 191,191,191
f 319/1625/1625 379/1626/1626 287/1628/1628
f 287/1628/1628 379/1626/1626 291/1627/1627
f 276/1636/1636 308/1629/1629 280/1635/1635
f 280/1635/1635 308/1629/1629 312/1630/1630
f 280/1635/1635 312/1630/1630 284/1634/1634
f 284/1634/1634 312/1630/1630 316/1631/1631
f 284/1634/1634 316/1631/1631 319/1632/1632
f 319/1632/1632 287/1633/1633 284/1634/1634
f 307/1637/1637 308/1638/1638 275/1640/1640
f 275/1640/1640 308/1638/1638 276/1639/1639
f 286/1648/1648 318/1641/1641 283/1647/1647
f 283/1647/1647 318/1641/1641 315/1642/1642
f 283/1647/1647 315/1642/1642 279/1646/1646
f 279/1646/1646 315/1642/1642 311/1643/1643
f 279/1646/1646 311/1643/1643 307/1644/1644
f 307/1644/1644 275/1645/1645 279/1646/1646
f 378/1649/1649 318/1650/1650 290/1652/1652
f 290/1652/1652 318/1650/1650 286/1651/1651
f 301/1660/1660 389/1653/1653 297/1659/1659
f 297/1659/1659 389/1653/1653 385/1654/1654
f 297/1659/1659 385/1654/1654 293/1658/1658
f 293/1658/1658 385/1654/1654 381/1655/1655
f 293/1658/1658 381/1655/1655 378/1656/1656
f 378/1656/1656 290/1657/1657 293/1658/1658
f 390/1661/1661 389/1662/1662 302/1664/1664
f 302/1664/1664 389/1662/1662 301/1663/1663
f 291/1672/1672 379/1665/1665 294/1671/1671
f 294/1671/1671 379/1665/1665 382/1666/1666
f 294/1671/1671 382/1666/1666 298/1670/1670
f 298/1670/1670 382/1666/1666 386/1667/1667
f 298/1670/1670 386/1667/1667 390/1668/1668
f 390/1668/1668 302/1669/1669 298/1670/1670
f 291/1674/1674 292/1696/1696 287/1673/1673
f 287/1673/1673 292/1696/1696 288/1697/1697
f 287/1673/1673 288/1697/1697 284/1688/1688
f 284/1688/1688 288/1697/1697 282/1698/1698
f 284/1688/1688 282/1698/1698 280/1687/1687
f 280/1687/1687 282/1698/1698 278/1699/1699
f 280/1687/1687 278/1699/1699 276/1686/1686
f 276/1686/1686 278/1699/1699 274/1700/1700
f 276/1686/1686 274/1700/1700 273/1701/1701
f 291/1674/1674 294/1675/1675 292/1696/1696
f 292/1696/1696 294/1675/1675 296/1695/1695
f 296/1695/1695 294/1675/1675 298/1676/1676
f 296/1695/1695 298/1676/1676 300/1694/1694
f 300/1694/1694 298/1676/1676 302/1677/1677
f 300/1694/1694 302/1677/1677 304/1693/1693
f 304/1693/1693 302/1677/1677 301/1678/1678
f 304/1693/1693 301/1678/1678 303/1692/1692
f 303/1692/1692 301/1678/1678 299/1691/1691
f 299/1691/1691 301/1678/1678 297/1679/1679
f 299/1691/1691 297/1679/1679 295/1690/1690
f 295/1690/1690 297/1679/1679 293/1680/1680
f 295/1690/1690 293/1680/1680 289/1689/1689
f 289/1689/1689 293/1680/1680 290/1681/1681
f 289/1689/1689 290/1681/1681 285/1704/1704
f 285/1704/1704 290/1681/1681 286/1682/1682
f 285/1704/1704 286/1682/1682 283/1683/1683
f 285/1704/1704 283/1683/1683 281/1703/1703
f 281/1703/1703 283/1683/1683 279/1684/1684
f 281/1703/1703 279/1684/1684 277/1702/1702
f 277/1702/1702 279/1684/1684 275/1685/1685
f 277/1702/1702 275/1685/1685 273/1701/1701
f 273/1701/1701 275/1685/1685 276/1686/1686
f 391/1705/1705 392/1706/1706 303/1708/1708
f 303/1708/1708 392/1706/1706 304/1707/1707
f 392/1709/1709 388/1710/1710 304/1716/1716
f 304/1716/1716 388/1710/1710 300/1715/1715
f 300/1715/1715 388/1710/1710 296/1714/1714
f 296/1714/1714 388/1710/1710 384/1711/1711
f 296/1714/1714 384/1711/1711 292/1713/1713
f 292/1713/1713 384/1711/1711 380/1712/1712
f 380/1717/1717 320/1718/1718 292/1720/1720
f 292/1720/1720 320/1718/1718 288/1719/1719
f 377/1721/1721 383/1722/1722 289/1728/1728
f 289/1728/1728 383/1722/1722 295/1727/1727
f 295/1727/1727 383/1722/1722 299/1726/1726
f 299/1726/1726 383/1722/1722 387/1723/1723
f 299/1726/1726 387/1723/1723 303/1725/1725
f 303/1725/1725 387/1723/1723 391/1724/1724
f 320/1729/1729 314/1730/1730 288/1736/1736
f 288/1736/1736 314/1730/1730 282/1735/1735
f 282/1735/1735 314/1730/1730 278/1734/1734
f 278/1734/1734 314/1730/1730 310/1731/1731
f 278/1734/1734 310/1731/1731 274/1733/1733
f 274/1733/1733 310/1731/1731 306/1732/1732
f 317/1737/1737 377/1738/1738 285/1740/1740
f 285/1740/1740 377/1738/1738 289/1739/1739
f 306/1741/1741 305/1742/1742 274/1744/1744
f 274/1744/1744 305/1742/1742 273/1743/1743
f 305/1745/1745 309/1746/1746 273/1752/1752
f 273/1752/1752 309/1746/1746 277/1751/1751
f 277/1751/1751 309/1746/1746 281/1750/1750
f 281/1750/1750 309/1746/1746 313/1747/1747
f 281/1750/1750 313/1747/1747 285/1749/1749
f 285/1749/1749 313/1747/1747 317/1748/1748

# 792 vertices
# 1752 texture params
# 1752 normals
# 1580 facets

# 1 groups
